country_iso3,country_name,utility_id,utility_name,year,indicator_id,value,unit,source_id,verification_note,lineage_file,lineage_page,lineage_table,verification
GEO,Georgia,GEO_GNERC_GWP,GWP,2014,FIN_TARIFF_AVG,0.225,local_currency/m3,GEO_GNERC,household metered water supply total (0.191 drinking + 0.034 sewer) GEL/m3; Tariffs-for-2015 annex table,georgia/extracted_gnerc_2014.json,45,Water Utility Tariffs for 2015 - Georgian Water Companies,BLIND_READ_EXACT
GEO,Georgia,GEO_GNERC_MARNEULI,Marneuli,2014,FIN_TARIFF_AVG,0.333,local_currency/m3,GEO_GNERC,household metered drinking water (no sewerage); chart p46-47,georgia/extracted_gnerc_2014.json,46,"Water supply, metered",BLIND_READ_EXACT
GEO,Georgia,GEO_GNERC_SACHKHERE,Sachkhere,2014,FIN_TARIFF_AVG,0.35800000000000004,local_currency/m3,GEO_GNERC,household metered total (0.273 + 0.085),georgia/extracted_gnerc_2014.json,45,Water Utility Tariffs for 2015 - Georgian Water Companies,BLIND_READ_ROUNDING
GEO,Georgia,GEO_GNERC_SOGURI,Soguri,2014,FIN_TARIFF_AVG,0.071,local_currency/m3,GEO_GNERC,household metered (no sewerage),georgia/extracted_gnerc_2014.json,45,Water Utility Tariffs for 2015 - Georgian Water Companies,BLIND_READ_EXACT
GEO,Georgia,GEO_GNERC_BATUMI,Batumis Tskali,2015,SQ_COMPLAINTS_TOTAL,4.0,complaints,GEO_GNERC,AR2015 complaints-by-licensee figure: Batumi 4 (GWP 249 / UWSC 49 / Mtskheta 7 / Rustavi 2),,,,BLIND_READ_EXACT
GEO,Georgia,GEO_GNERC_BATUMI,Batumi-Tskali,2015,SQ_CONTINUITY,24.0,hours/day,GEO_GNERC,AR2015 fitz p60 Fig 3.13 schedule: Batumis Tskali 24,,,,BLIND_READ_EXACT
GEO,Georgia,GEO_GNERC_GWP,Georgian Water and Power,2015,FIN_INVESTMENT_TOTAL,29600000.0,local_currency,GEO_GNERC,AR2024 fitz p116 Fig 4.9 investments (million GEL; converted to GEL to match local_currency unit): GWP 2015 = 29.6 (AR2015 fitz p63 Fig 3.15 prints exact 29572576 GEL),,,,BLIND_READ_EXACT
GEO,Georgia,GEO_GNERC_GWP,Georgian Water and Power,2015,OPS_METERING_PCT,25.0,%,GEO_GNERC,text: share of metered customers constitutes only 25%,georgia/extracted_gnerc_2015.json,54,(standalone),BLIND_READ_EXACT
GEO,Georgia,GEO_GNERC_GWP,Georgian Water and Power,2015,SQ_COMPLAINTS_TOTAL,249.0,complaints,GEO_GNERC,printed fitz p70; cited p57 is customers-per-km chart,georgia/extracted_gnerc_2015.json,57,Quantity of Customers Connected Per 1 km,BLIND_READ_EXACT
GEO,Georgia,GEO_GNERC_KOBULETI,Kobuleti-Tskali,2015,SQ_CONTINUITY,24.0,hours/day,GEO_GNERC,AR2015 fitz p60 Fig 3.13: Kobuletis Tskali 24,,,,BLIND_READ_EXACT
GEO,Georgia,GEO_GNERC_MARNEULI,Marneuli-Soptskali,2015,SQ_CONTINUITY,9.0,hours/day,GEO_GNERC,printed Fig 3.13 (fitz p60); cited p52 is ownership table without hours,georgia/extracted_gnerc_2015.json,52,Information on Ownership of Licensees,BLIND_READ_EXACT
GEO,Georgia,GEO_GNERC_MTSKHETA,Mtskhetis Tskali,2015,SQ_COMPLAINTS_TOTAL,7.0,complaints,GEO_GNERC,printed fitz p70 water sector complaints list; cited p52 lacks complaints,georgia/extracted_gnerc_2015.json,52,Information on Ownership of Licensees,BLIND_READ_EXACT
GEO,Georgia,GEO_GNERC_MTSKHETA,Mtskheta-Tskali,2015,SQ_CONTINUITY,24.0,hours/day,GEO_GNERC,AR2015 fitz p60 Fig 3.13: Mtskhetis Tskali 24 (Mtskhetis SOPTSKALI is the separate 5h licensee),,,,BLIND_READ_EXACT
GEO,Georgia,GEO_GNERC_RUSTAVI,Rustavis Tskali,2015,SQ_COMPLAINTS_TOTAL,2.0,complaints,GEO_GNERC,AR2015 complaints-by-licensee figure: Rustavi 2,,,,BLIND_READ_EXACT
GEO,Georgia,GEO_GNERC_RUSTAVI,Rustavi-Tskali,2015,SQ_CONTINUITY,24.0,hours/day,GEO_GNERC,AR2015 fitz p60 Fig 3.13: Rustavis Tskali 24,,,,BLIND_READ_EXACT
GEO,Georgia,GEO_GNERC_SACHKHERE,Sachkhere-Tskalkani,2015,SQ_CONTINUITY,24.0,hours/day,GEO_GNERC,AR2015 fitz p60 Fig 3.13: Sachkheris Tskalkanali 24,,,,BLIND_READ_EXACT
GEO,Georgia,GEO_GNERC_UNITED_WATER_COMPANY,United Water Company,2015,SQ_CONTINUITY,15.0,hours/day,GEO_GNERC,Fig 3.13 chart data label 15.00; body text on same page says 14.5 hours,georgia/extracted_gnerc_2015.json,60,Water Supply Schedule in Average,BLIND_READ_EXACT
GEO,Georgia,GEO_GNERC_UWSCG,United Water Supply Company of Georgia,2015,FIN_INVESTMENT_TOTAL,100100000.0,local_currency,GEO_GNERC,AR2024 fitz p116 Fig 4.9 (million GEL; converted to GEL to match local_currency unit): UWSCG 2015 = 100.1 (AR2015 fitz p63 Fig 3.15 prints exact 100137721 GEL),,,,BLIND_READ_EXACT
GEO,Georgia,GEO_GNERC_UWSCG,United Water Supply Company of Georgia,2015,SQ_COMPLAINTS_TOTAL,49.0,complaints,GEO_GNERC,fitz p70 list: UWSCG 49 of 314 total,georgia/extracted_gnerc_2015.json,70,Water Supply Sector Complaints by Company,BLIND_READ_EXACT
GEO,Georgia,GEO_GNERC_GWP,Georgian Water and Power,2016,FIN_INVESTMENT_TOTAL,37100000.0,local_currency,GEO_GNERC,AR2024 p116 Fig 4.9 (million GEL; converted to GEL to match local_currency unit): GWP 2016 = 37.1,,,,BLIND_READ_EXACT
GEO,Georgia,GEO_GNERC_UWSCG,United Water Supply Company of Georgia,2016,FIN_INVESTMENT_TOTAL,92200000.0,local_currency,GEO_GNERC,AR2024 p116 Fig 4.9 (million GEL; converted to GEL to match local_currency unit): UWSCG 2016 = 92.2,,,,BLIND_READ_EXACT
GEO,Georgia,GEO_GNERC_BATUMI,Batumi Water,2017,FIN_COMPENSATION_TOTAL,0.0,local_currency,GEO_GNERC,AR2024 p135 restated panel and AR2020 p93 both print Batumi Water 2017 = 0; AR2017 p80 prints 500; cited AR2015 page lacks compensation,georgia/extracted_gnerc_2015.json,61,(standalone),BLIND_READ_EXACT
GEO,Georgia,GEO_GNERC_BATUMI,Batumis Tskali,2017,OPS_CONNECTIONS_TOTAL,84846.0,connections,GEO_GNERC,AR2017 fitz p61 Table 3.1: household 75097 + non-household 9749 = 84846,,,,BLIND_READ_EXACT
GEO,Georgia,GEO_GNERC_BATUMI,Batumis Tskali,2017,OPS_METERING_PCT,100.0,%,GEO_GNERC,AR2016 fitz p51 Fig 3.3 (Jan 1 2017): Batumis Tskali 100% metered,,,,CORRECTED_TO_PRINT_2026-07-15
GEO,Georgia,GEO_GNERC_BATUMI,Batumis Tskali,2017,SQ_COMPLAINTS_TOTAL,25.0,complaints,GEO_GNERC,fitz p84 list (2420 total): Batumis Tskali 25,georgia/extracted_gnerc_2017.json,84,Applications/Complaints by Company,BLIND_READ_EXACT
GEO,Georgia,GEO_GNERC_BATUMI,Batumis Tskali,2017,SQ_CONTINUITY,24.0,hours/day,GEO_GNERC,Batumi 24 in AR2016 fitz p52 (2016/17) and AR2018 Fig 3.3 24.0,georgia/extracted_gnerc_2018.json,69,Water supply schedule according to licensees,CORRECTED_TO_PRINT_2026-07-15
GEO,Georgia,GEO_GNERC_GWP,Georgian Water and Power,2017,FIN_COMPENSATION_TOTAL,1821010.0,local_currency,GEO_GNERC,AR2022 fitz p89 compensation table 2017-2022: GWP 2017 = 1821010,georgia/extracted_gnerc_2022.json,89,Accrued Compensation for Non-Performance of Guaranteed Standards by Utility (2017-2022),BLIND_READ_EXACT
GEO,Georgia,GEO_GNERC_GWP,Georgian Water and Power,2017,FIN_INVESTMENT_TOTAL,68000000.0,local_currency,GEO_GNERC,AR2024 p116 Fig 4.9 (million GEL; converted to GEL to match local_currency unit): GWP 2017 = 68.0,,,,CORRECTED_TO_PRINT_2026-07-15
GEO,Georgia,GEO_GNERC_GWP,Georgian Water & Power,2017,FIN_TARIFF_AVG,0.279,local_currency/m3,GEO_GNERC,Fig 3.14 household metered total (0.212 + 0.067) GEL/m3,georgia/extracted_gnerc_2017.json,67,"Water Supply Tariff, Household, Metered (GEL/m³)",BLIND_READ_EXACT
GEO,Georgia,GEO_GNERC_GWP,Georgian Water and Power,2017,OPS_CONNECTIONS_TOTAL,504139.0,connections,GEO_GNERC,AR2017 fitz p61 Table 3.1: household 474436 + non-household 29703 = 504139,,,,BLIND_READ_EXACT
GEO,Georgia,GEO_GNERC_GWP,Georgian Water and Power,2017,OPS_METERING_PCT,23.0,%,GEO_GNERC,AR2016 fitz p51 Fig 3.3 (Jan 1 2017): GWP 23% metered (AR2017 fitz p62 text says ~24% by Dec 31 2017),,,,CORRECTED_TO_PRINT_2026-07-15
GEO,Georgia,GEO_GNERC_GWP,Georgian Water and Power,2017,SQ_COMPLAINTS_TOTAL,1548.0,complaints,GEO_GNERC,fitz p84: GWP 1548,georgia/extracted_gnerc_2017.json,84,Applications/Complaints by Company,BLIND_READ_EXACT
GEO,Georgia,GEO_GNERC_GWP,Georgian Water and Power,2017,SQ_CONTINUITY,24.0,hours/day,GEO_GNERC,AR2016 fitz p52 chart GWP 24 (also AR2018 Fig 3.3 24.0); cited page is electricity annex,georgia/extracted_gnerc_2016.json,71,List of Licensees in the Electricity Sector,CORRECTED_TO_PRINT_2026-07-15
GEO,Georgia,GEO_GNERC_KOBULETI,Kobuletis Tskali,2017,OPS_CONNECTIONS_TOTAL,6170.0,connections,GEO_GNERC,AR2017 fitz p61 Table 3.1: household 5577 + non-household 593 = 6170,,,,BLIND_READ_EXACT
GEO,Georgia,GEO_GNERC_KOBULETI,Kobuletis Tskali,2017,OPS_METERING_PCT,0.0,%,GEO_GNERC,AR2016 fitz p51 Fig 3.3 as of Jan 1 2017: Kobuletis Tskali fully non-metered (Table 3.2 metered = 0); cited page is compensation table,georgia/extracted_gnerc_2017.json,80,Amount of compensation which shall be paid by the companies,CORRECTED_TO_PRINT_2026-07-15
GEO,Georgia,GEO_GNERC_KOBULETI,Kobuletis Tskali,2017,SQ_CONTINUITY,24.0,hours/day,GEO_GNERC,AR2016 fitz p52 chart Kobuletis Tskali 24,georgia/extracted_gnerc_2016.json,52,Number of Customers Shutoff per Accident,CORRECTED_TO_PRINT_2026-07-15
GEO,Georgia,GEO_GNERC_MARNEULI,Marneulis Soptskali,2017,OPS_CONNECTIONS_TOTAL,8042.0,connections,GEO_GNERC,AR2017 fitz p61 Table 3.1: household 7972 + non-household 70 = 8042,,,,BLIND_READ_EXACT
GEO,Georgia,GEO_GNERC_MARNEULI,Marneulis Soptskali,2017,OPS_METERING_PCT,49.0,%,GEO_GNERC,AR2016 fitz p51 Fig 3.3 as of Jan 1 2017: Marneulis Soptskali 49%; cited AR2019 page lacks metering,georgia/extracted_gnerc_2019.json,75,Frequency of damages (accidents) of drinking water pipelines according to the licensees,CORRECTED_TO_PRINT_2026-07-15
GEO,Georgia,GEO_GNERC_MARNEULI,Marneulis Soptskali,2017,SQ_CONTINUITY,9.0,hours/day,GEO_GNERC,AR2016 fitz p52 chart Marneulis Soptskali 9,georgia/extracted_gnerc_2016.json,52,Drinking Water Consumption in Metered Household Segment,CORRECTED_TO_PRINT_2026-07-15
GEO,Georgia,GEO_GNERC_MTSKHETA,Mtskhetis Tskali,2017,FIN_TARIFF_AVG,0.279,local_currency/m3,GEO_GNERC,Fig 3.14 Mtskhetis Tskali household metered total (0.251 + 0.028),georgia/extracted_gnerc_2017.json,67,"Water Supply Tariff, Household, Metered (GEL/m³)",BLIND_READ_EXACT
GEO,Georgia,GEO_GNERC_MTSKHETA,Mtskhetis Tskali,2017,OPS_CONNECTIONS_TOTAL,3109.0,connections,GEO_GNERC,AR2017 fitz p61 Table 3.1: household 2847 + non-household 262 = 3109,,,,BLIND_READ_EXACT
GEO,Georgia,GEO_GNERC_MTSKHETA,Mtskhetis Tskali,2017,OPS_METERING_PCT,68.0,%,GEO_GNERC,AR2016 fitz p51 Fig 3.3 metering as of Jan 1 2017: Mtskhetis Tskali 68%; cited AR2017 p64 has no per-utility metering,georgia/extracted_gnerc_2017.json,64,Density of connections by household type,CORRECTED_TO_PRINT_2026-07-15
GEO,Georgia,GEO_GNERC_MTSKHETA,Mtskhetis Tskali,2017,SQ_COMPLAINTS_TOTAL,178.0,complaints,GEO_GNERC,fitz p84: Mtskhetis Tskali 178,georgia/extracted_gnerc_2017.json,84,Applications/Complaints by Company,BLIND_READ_EXACT
GEO,Georgia,GEO_GNERC_MTSKHETA,Mtskhetis Tskali,2017,SQ_CONTINUITY,24.0,hours/day,GEO_GNERC,AR2016 fitz p52 chart shows Mtskhetis Tskali 24; cited p50 is coverage table without hours,georgia/extracted_gnerc_2016.json,50,Licensees and their Service Coverage Area,CORRECTED_TO_PRINT_2026-07-15
GEO,Georgia,GEO_GNERC_RUSTAVI,Rustavi Water,2017,FIN_COMPENSATION_TOTAL,44730.0,local_currency,GEO_GNERC,AR2023 p115 Table 1: Rustavi Water 2017 = 44730 (AR2022 printed 36430),georgia/extracted_gnerc_2023.json,115,Amount of Compensation Accrued to Consumers,BLIND_READ_EXACT
GEO,Georgia,GEO_GNERC_RUSTAVI,Rustavis Tskali,2017,FIN_TARIFF_AVG,0.343,local_currency/m3,GEO_GNERC,Annex 11 existing 2017 tariffs: household metered total (0.315 + 0.028),georgia/extracted_gnerc_2016.json,81,Existing Tariffs in Water Supply Sector,BLIND_READ_EXACT
GEO,Georgia,GEO_GNERC_RUSTAVI,Rustavis Tskali,2017,OPS_CONNECTIONS_TOTAL,53195.0,connections,GEO_GNERC,AR2017 fitz p61 Table 3.1: household 50578 + non-household 2617 = 53195,,,,BLIND_READ_EXACT
GEO,Georgia,GEO_GNERC_RUSTAVI,Rustavis Tskali,2017,OPS_METERING_PCT,72.0,%,GEO_GNERC,AR2016 fitz p51 Fig 3.3 metering as of Jan 1 2017: Rustavis Tskali 72%; cited AR2017 page lacks metering,georgia/extracted_gnerc_2017.json,61,General information on the licensees,CORRECTED_TO_PRINT_2026-07-15
GEO,Georgia,GEO_GNERC_RUSTAVI,Rustavis Tskali,2017,SQ_COMPLAINTS_TOTAL,498.0,complaints,GEO_GNERC,fitz p84: Rustavis Tskali 498,georgia/extracted_gnerc_2017.json,84,Applications/Complaints by Company,BLIND_READ_EXACT
GEO,Georgia,GEO_GNERC_RUSTAVI,Rustavis Tskali,2017,SQ_CONTINUITY,24.0,hours/day,GEO_GNERC,chart row Rustavis Tskali = 24; row-label hint points at UWSC whose value is 16,georgia/extracted_gnerc_2016.json,52,Drinking Water Consumption in Metered Household Segment,CORRECTED_TO_PRINT_2026-07-15
GEO,Georgia,GEO_GNERC_SACHKHERE,Sachkheris Tskalkanati,2017,OPS_CONNECTIONS_TOTAL,5831.0,connections,GEO_GNERC,AR2017 fitz p61 Table 3.1: household 5337 + non-household 494 = 5831,,,,BLIND_READ_EXACT
GEO,Georgia,GEO_GNERC_SACHKHERE,Sachkheris Tskalkanali,2017,OPS_METERING_PCT,99.0,%,GEO_GNERC,AR2016 fitz p51 Fig 3.3 (Jan 1 2017): Sachkheris Tskalkanali 99% (AR2017 text ~99%),,,,CORRECTED_TO_PRINT_2026-07-15
GEO,Georgia,GEO_GNERC_SACHKHERE,Sachkheris Tskalkanali,2017,SQ_CONTINUITY,24.0,hours/day,GEO_GNERC,AR2016 fitz p52 chart and AR2017 Fig 3.3: Sachkheris Tskalkanali 24h; cited AR2024 page lacks continuity,georgia/extracted_gnerc_2024.json,111,Distribution of Consumed Water Volume by Licensed Companies,CORRECTED_TO_PRINT_2026-07-15
GEO,Georgia,GEO_GNERC_SOGURI,Soguri,2017,OPS_CONNECTIONS_TOTAL,104.0,connections,GEO_GNERC,AR2017 fitz p61 Table 3.1: household 90 + non-household 14 = 104,,,,BLIND_READ_EXACT
GEO,Georgia,GEO_GNERC_SOGURI,Soguri,2017,OPS_METERING_PCT,0.0,%,GEO_GNERC,Fig 3.3 fitz p51 metering as of Jan 1 2017: Soguri fully non-metered (Table 3.2 metered subscribers = 0); p52 value 14 is hours not metering,georgia/extracted_gnerc_2016.json,52,Number of Customers Shutoff per Accident,CORRECTED_TO_PRINT_2026-07-15
GEO,Georgia,GEO_GNERC_SOGURI,Soguri,2017,SQ_CONTINUITY,14.0,hours/day,GEO_GNERC,AR2016 fitz p52 chart Soguri 14; cited p50 lacks hours,georgia/extracted_gnerc_2016.json,50,Licensees and their Service Coverage Area,CORRECTED_TO_PRINT_2026-07-15
GEO,Georgia,GEO_GNERC_UWSCG,United Water Supply Company of Georgia,2017,FIN_COMPENSATION_TOTAL,630.0,local_currency,GEO_GNERC,AR2020 p93 Table 6.2.13: UWSCG 2017 = 630,georgia/extracted_gnerc_2020.json,93,The amount of compensations accrued to customers,BLIND_READ_EXACT
GEO,Georgia,GEO_GNERC_UWSCG,United Water Supply Company of Georgia,2017,FIN_INVESTMENT_TOTAL,138500000.0,local_currency,GEO_GNERC,AR2024 p116 Fig 4.9 (million GEL; converted to GEL to match local_currency unit): UWSCG 2017 = 138.5,,,,BLIND_READ_EXACT
GEO,Georgia,GEO_GNERC_UWSCG,Georgian United Water Supply Company,2017,OPS_CONNECTIONS_TOTAL,313059.0,connections,GEO_GNERC,AR2017 fitz p61 Table 3.1: household 294497 + non-household 18562 = 313059,,,,BLIND_READ_EXACT
GEO,Georgia,GEO_GNERC_UWSCG,Georgian United Water Supply Company,2017,SQ_COMPLAINTS_TOTAL,171.0,complaints,GEO_GNERC,fitz p84: GUWSC 171,georgia/extracted_gnerc_2017.json,84,Applications/Complaints by Company,BLIND_READ_EXACT
GEO,Georgia,GEO_GNERC_BATUMI,Batumi Water,2018,FIN_COMPENSATION_TOTAL,188735.0,local_currency,GEO_GNERC,AR2020 fitz p93 Table 6.2.13: Batumi Water 2018 = 188735,georgia/extracted_gnerc_2020.json,93,The amount of compensations accrued to customers,BLIND_READ_EXACT
GEO,Georgia,GEO_GNERC_BATUMI,Batumis Tskali,2018,OPS_CONNECTIONS_TOTAL,84978.0,connections,GEO_GNERC,AR2018 fitz p67 Table 3.1: household 73688 + non-household 11290 = 84978,,,,BLIND_READ_EXACT
GEO,Georgia,GEO_GNERC_BATUMI,Batumis Tskali,2018,SQ_COMPLAINTS_TOTAL,13.0,complaints,GEO_GNERC,fitz p92 list (1210 total): Batumis Tskali 13,georgia/extracted_gnerc_2018.json,92,Water Supply and Sewerage Sector Applications/Complaints by Company,BLIND_READ_EXACT
GEO,Georgia,GEO_GNERC_BATUMI,Batumis Tskali,2018,SQ_CONTINUITY,24.0,hours/day,GEO_GNERC,AR2018 fitz p69 Fig 3.3 schedule: Batumis Tskali 24.0,,,,BLIND_READ_EXACT
GEO,Georgia,GEO_GNERC_GWP,Georgian Water and Power,2018,FIN_COMPENSATION_TOTAL,1481535.0,local_currency,GEO_GNERC,AR2022 p89: GWP 2018 = 1481535,georgia/extracted_gnerc_2022.json,89,Accrued Compensation for Non-Performance of Guaranteed Standards by Utility (2017-2022),BLIND_READ_EXACT
GEO,Georgia,GEO_GNERC_GWP,Georgian Water and Power,2018,FIN_INVESTMENT_TOTAL,65500000.0,local_currency,GEO_GNERC,AR2024 p116 Fig 4.9 (million GEL; converted to GEL to match local_currency unit): GWP 2018 = 65.5,,,,BLIND_READ_EXACT
GEO,Georgia,GEO_GNERC_GWP,Georgian Water and Power,2018,FIN_TARIFF_AVG,0.279,local_currency/m3,GEO_GNERC,same Fig 3.14 tariff valid from Jan 1 2018,georgia/extracted_gnerc_2017.json,67,"Water Supply Tariff, Household, Metered (GEL/m³)",BLIND_READ_EXACT
GEO,Georgia,GEO_GNERC_GWP,Georgian Water and Power,2018,OPS_CONNECTIONS_TOTAL,511990.0,connections,GEO_GNERC,AR2018 fitz p67 Table 3.1: household 481756 + non-household 30234 = 511990,,,,BLIND_READ_EXACT
GEO,Georgia,GEO_GNERC_GWP,Georgian Water and Power,2018,OPS_METERING_PCT,30.0,%,GEO_GNERC,AR2018 fitz p69 text: GWP lowest metering indicator approx 30%; cited AR2015 page lacks metering,georgia/extracted_gnerc_2015.json,65,(standalone),BLIND_READ_EXACT
GEO,Georgia,GEO_GNERC_GWP,Georgian Water and Power,2018,SQ_COMPLAINTS_TOTAL,688.0,complaints,GEO_GNERC,fitz p92: GWP 688,georgia/extracted_gnerc_2018.json,92,Water Supply and Sewerage Sector Applications/Complaints by Company,BLIND_READ_EXACT
GEO,Georgia,GEO_GNERC_GWP,Georgian Water and Power,2018,SQ_CONTINUITY,24.0,hours/day,GEO_GNERC,AR2018 fitz p69 Fig 3.3: Georgian Water and Power 24.0,,,,BLIND_READ_EXACT
GEO,Georgia,GEO_GNERC_KOBULETI,Kobulетis Tskali,2018,OPS_CONNECTIONS_TOTAL,6938.0,connections,GEO_GNERC,AR2018 fitz p67 Table 3.1: household 6282 + non-household 656 = 6938,,,,BLIND_READ_EXACT
GEO,Georgia,GEO_GNERC_KOBULETI,Kobuletis Tskali,2018,OPS_METERING_PCT,0.0,%,GEO_GNERC,AR2018 fitz p69 text: Kobuletis Tskali LLC does not have metered household customers,,,,BLIND_READ_EXACT
GEO,Georgia,GEO_GNERC_KOBULETI,Kobuletis Tskali,2018,SQ_CONTINUITY,24.0,hours/day,GEO_GNERC,AR2018 fitz p69 Fig 3.3: Kobuletis Tskali 24.0,,,,BLIND_READ_EXACT
GEO,Georgia,GEO_GNERC_MARNEULI,Marneulis Soptskali,2018,OPS_CONNECTIONS_TOTAL,8884.0,connections,GEO_GNERC,AR2018 fitz p67 Table 3.1: household 8805 + non-household 79 = 8884,,,,BLIND_READ_EXACT
GEO,Georgia,GEO_GNERC_MARNEULI,Marneulis Soptskali,2018,SQ_CONTINUITY,12.0,hours/day,GEO_GNERC,Fig 3.3 Marneulis Soptskali 12.0,georgia/extracted_gnerc_2018.json,69,Water supply schedule according to licensees,BLIND_READ_EXACT
GEO,Georgia,GEO_GNERC_MTSKHETA,Mtskhetis Tskali,2018,FIN_TARIFF_AVG,0.279,local_currency/m3,GEO_GNERC,same Fig 3.14 tariff valid from Jan 1 2018,georgia/extracted_gnerc_2017.json,67,"Water Supply Tariff, Household, Metered (GEL/m³)",BLIND_READ_EXACT
GEO,Georgia,GEO_GNERC_MTSKHETA,Mtskhetis Tskali,2018,OPS_CONNECTIONS_TOTAL,3098.0,connections,GEO_GNERC,AR2018 fitz p67 Table 3.1: household 2818 + non-household 280 = 3098,,,,BLIND_READ_EXACT
GEO,Georgia,GEO_GNERC_MTSKHETA,Mtskhetis Tskali,2018,SQ_COMPLAINTS_TOTAL,7.0,complaints,GEO_GNERC,AR2018 fitz p92: Mtskhetis Tskali LLC 7; cited AR2016 page lacks complaints,georgia/extracted_gnerc_2016.json,51,Number of Different Types of Customers,BLIND_READ_EXACT
GEO,Georgia,GEO_GNERC_MTSKHETA,Mtskhetis Tskali,2018,SQ_CONTINUITY,24.0,hours/day,GEO_GNERC,AR2018 fitz p69 Fig 3.3: Mtskhetis Tskali 24.0,,,,BLIND_READ_EXACT
GEO,Georgia,GEO_GNERC_RUSTAVI,Rustavi Water,2018,FIN_COMPENSATION_TOTAL,94140.0,local_currency,GEO_GNERC,AR2023 p115 Table 1: Rustavi Water 2018 = 94140 (AR2022 printed 44390),georgia/extracted_gnerc_2023.json,115,Amount of Compensation Accrued to Consumers,BLIND_READ_EXACT
GEO,Georgia,GEO_GNERC_RUSTAVI,Rustavis Tskali,2018,FIN_TARIFF_AVG,0.343,local_currency/m3,GEO_GNERC,AR2017 fitz p67 Fig 3.14 household metered 0.343 (0.320 + 0.023) valid from 2018,georgia/extracted_gnerc_2016.json,81,Existing Tariffs in Water Supply Sector,BLIND_READ_EXACT
GEO,Georgia,GEO_GNERC_RUSTAVI,Rustavis Tskali,2018,OPS_CONNECTIONS_TOTAL,53439.0,connections,GEO_GNERC,AR2018 fitz p67 Table 3.1: household 50814 + non-household 2625 = 53439,,,,BLIND_READ_EXACT
GEO,Georgia,GEO_GNERC_RUSTAVI,Rustavis Tskali,2018,SQ_COMPLAINTS_TOTAL,92.0,complaints,GEO_GNERC,fitz p92: Rustavis Tskali 92,georgia/extracted_gnerc_2018.json,92,Water Supply and Sewerage Sector Applications/Complaints by Company,BLIND_READ_EXACT
GEO,Georgia,GEO_GNERC_RUSTAVI,Rustavis Tskali,2018,SQ_CONTINUITY,24.0,hours/day,GEO_GNERC,AR2018 fitz p69 Fig 3.3: Rustavis Tskali 24.0,,,,BLIND_READ_EXACT
GEO,Georgia,GEO_GNERC_SACHKHERE,Sachkhetis Tskalkanali,2018,OPS_CONNECTIONS_TOTAL,5709.0,connections,GEO_GNERC,AR2018 fitz p67 Table 3.1: household 5189 + non-household 520 = 5709,,,,BLIND_READ_EXACT
GEO,Georgia,GEO_GNERC_SACHKHERE,Sachkheris Tskalkanali,2018,OPS_METERING_PCT,99.0,%,GEO_GNERC,AR2017 fitz p62 and AR2018 fitz p69 text: Sachkhere highest approx 99%,georgia/extracted_gnerc_2017.json,62,(standalone),BLIND_READ_EXACT
GEO,Georgia,GEO_GNERC_SACHKHERE,Sachkheris Tskalkanali,2018,SQ_CONTINUITY,24.0,hours/day,GEO_GNERC,AR2018 fitz p69 Fig 3.3: Sachkheris Tskalkanali 24.0,,,,BLIND_READ_EXACT
GEO,Georgia,GEO_GNERC_SOGURI,Soguri,2018,OPS_CONNECTIONS_TOTAL,104.0,connections,GEO_GNERC,AR2018 fitz p67 Table 3.1: household 90 + non-household 14 = 104,,,,BLIND_READ_EXACT
GEO,Georgia,GEO_GNERC_SOGURI,Soguri,2018,OPS_METERING_PCT,0.0,%,GEO_GNERC,AR2018 fitz p69 text: Soguri LLC does not have metered household customers,,,,BLIND_READ_EXACT
GEO,Georgia,GEO_GNERC_SOGURI,Soguri,2018,SQ_CONTINUITY,18.0,hours/day,GEO_GNERC,Fig 3.3 Soguri 18.0,georgia/extracted_gnerc_2018.json,69,Water supply schedule according to licensees,BLIND_READ_EXACT
GEO,Georgia,GEO_GNERC_UWSCG,United Water Supply Company of Georgia,2018,FIN_COMPENSATION_TOTAL,3045.0,local_currency,GEO_GNERC,AR2020 p93 Table 6.2.13: UWSCG 2018 = 3045,georgia/extracted_gnerc_2020.json,93,The amount of compensations accrued to customers,BLIND_READ_EXACT
GEO,Georgia,GEO_GNERC_UWSCG,United Water Supply Company of Georgia,2018,FIN_INVESTMENT_TOTAL,169500000.0,local_currency,GEO_GNERC,AR2024 p116 Fig 4.9 (million GEL; converted to GEL to match local_currency unit): UWSCG 2018 = 169.5,,,,BLIND_READ_EXACT
GEO,Georgia,GEO_GNERC_UWSCG,Georgian United Water Supply Company,2018,OPS_CONNECTIONS_TOTAL,321875.0,connections,GEO_GNERC,AR2018 fitz p67 Table 3.1: household 301817 + non-household 20058 = 321875,,,,BLIND_READ_EXACT
GEO,Georgia,GEO_GNERC_UWSCG,Georgian United Water Supply Company,2018,SQ_COMPLAINTS_TOTAL,410.0,complaints,GEO_GNERC,fitz p92: GUWSC 410,georgia/extracted_gnerc_2018.json,92,Water Supply and Sewerage Sector Applications/Complaints by Company,BLIND_READ_EXACT
GEO,Georgia,GEO_GNERC_BATUMI,Batumi Water,2019,FIN_COMPENSATION_TOTAL,170.0,local_currency,GEO_GNERC,AR2024 p135 restated panel and AR2020 p93 both: Batumi Water 2019 = 170 GEL; cited AR2018 page lacks compensation,georgia/extracted_gnerc_2018.json,71,Frequency of damages (accidents) of drinking water pipelines according to licensees,BLIND_READ_EXACT
GEO,Georgia,GEO_GNERC_BATUMI,Batumis Tskali,2019,OPS_CONNECTIONS_TOTAL,96775.0,connections,GEO_GNERC,Table 3.1: BWC number of consumers 96775,georgia/extracted_gnerc_2019.json,68,Water Supply Licensees and Customer Distribution,BLIND_READ_EXACT
GEO,Georgia,GEO_GNERC_BATUMI,Batumis Tskali,2019,SQ_COMPLAINTS_TOTAL,18.0,complaints,GEO_GNERC,AR2019 fitz p98: Batumis Tskali 18; cited AR2018 page lacks complaints,georgia/extracted_gnerc_2018.json,69,Water supply schedule according to licensees,BLIND_READ_EXACT
GEO,Georgia,GEO_GNERC_BATUMI,Batumis Tskali,2019,SQ_CONTINUITY,24.0,hours/day,GEO_GNERC,AR2019 fitz p72 Fig 3.2 schedule: Batumis Tskali 24.0,,,,BLIND_READ_EXACT
GEO,Georgia,GEO_GNERC_GWP,Georgian Water and Power,2019,FIN_COMPENSATION_TOTAL,554775.0,local_currency,GEO_GNERC,AR2023 p115 Table 1: GWP 2019 = 554775 (AR2022 printed 553775; AR2024 554775),georgia/extracted_gnerc_2023.json,115,Amount of Compensation Accrued to Consumers,BLIND_READ_EXACT
GEO,Georgia,GEO_GNERC_GWP,Georgian Water and Power,2019,FIN_INVESTMENT_TOTAL,78000000.0,local_currency,GEO_GNERC,AR2024 p116 Fig 4.9 (million GEL; converted to GEL to match local_currency unit): GWP 2019 = 78.0,,,,BLIND_READ_EXACT
GEO,Georgia,GEO_GNERC_GWP,GWP,2019,FIN_TARIFF_AVG,0.3,local_currency/m3,GEO_GNERC,AR2019 fitz p80 tariff chart: GWP metered household 0.3 GEL/m3; cited page is electricity summary,georgia/extracted_gnerc_2018.json,6,(standalone),BLIND_READ_EXACT
GEO,Georgia,GEO_GNERC_GWP,Georgian Water and Power,2019,OPS_CONNECTIONS_TOTAL,540951.0,connections,GEO_GNERC,Table 3.1: GWP 540951,georgia/extracted_gnerc_2019.json,68,Water Supply Licensees and Customer Distribution,BLIND_READ_EXACT
GEO,Georgia,GEO_GNERC_GWP,Georgian Water and Power,2019,OPS_METERING_PCT,34.0,%,GEO_GNERC,AR2019 fitz p71 text: GWP lowest approx 34%; cited AR2015 page lacks metering,georgia/extracted_gnerc_2015.json,65,(standalone),CORRECTED_TO_PRINT_2026-07-15
GEO,Georgia,GEO_GNERC_GWP,Georgian Water and Power,2019,SQ_COMPLAINTS_TOTAL,489.0,complaints,GEO_GNERC,fitz p98 list (620 total): GWP 489,georgia/extracted_gnerc_2019.json,98,Water Supply Companies Complaints/Applications,BLIND_READ_EXACT
GEO,Georgia,GEO_GNERC_GWP,Georgian Water and Power,2019,SQ_CONTINUITY,24.0,hours/day,GEO_GNERC,AR2019 fitz p72 Fig 3.2: Georgian Water and Power 24.0,,,,BLIND_READ_EXACT
GEO,Georgia,GEO_GNERC_KOBULETI,Kobuleti Tskali,2019,OPS_CONNECTIONS_TOTAL,6990.0,connections,GEO_GNERC,Table 3.1 cont.: KWC 6990,georgia/extracted_gnerc_2019.json,69,Basic data according to water supply licensees,BLIND_READ_EXACT
GEO,Georgia,GEO_GNERC_KOBULETI,Kobuletis Tskali,2019,OPS_METERING_PCT,0.0,%,GEO_GNERC,AR2019 fitz p71 text + Fig 3.1: Kobuletis Tskali has no metered household customers,georgia/extracted_gnerc_2018.json,71,Frequency of damages (accidents) of drinking water pipelines according to licensees,CORRECTED_TO_PRINT_2026-07-15
GEO,Georgia,GEO_GNERC_KOBULETI,Kobuletis Tskali,2019,SQ_CONTINUITY,24.0,hours/day,GEO_GNERC,AR2019 fitz p72 Fig 3.2: Kobuletis Tskali 24.0,,,,BLIND_READ_EXACT
GEO,Georgia,GEO_GNERC_MARNEULI,MVWC,2019,FIN_TARIFF_AVG,0.4,local_currency/m3,GEO_GNERC,fitz p80 tariff chart: MVWC metered household 0.4 GEL/m3,georgia/extracted_gnerc_2019.json,80,"Current Tariffs (GEL, including VAT)",BLIND_READ_EXACT
GEO,Georgia,GEO_GNERC_MARNEULI,Marneuli Soptskali,2019,OPS_CONNECTIONS_TOTAL,10593.0,connections,GEO_GNERC,Table 3.1 cont.: MVWC 10593,georgia/extracted_gnerc_2019.json,69,Basic data according to water supply licensees,BLIND_READ_EXACT
GEO,Georgia,GEO_GNERC_MARNEULI,Marneulis Soptskali,2019,SQ_CONTINUITY,12.0,hours/day,GEO_GNERC,AR2019 fitz p72 Fig 3.2 also 12.0,georgia/extracted_gnerc_2018.json,69,Water supply schedule according to licensees,BLIND_READ_EXACT
GEO,Georgia,GEO_GNERC_MTSKHETA,Mtskhetis Tskali,2019,OPS_CONNECTIONS_TOTAL,3209.0,connections,GEO_GNERC,Table 3.1 cont.: MWC 3209,georgia/extracted_gnerc_2019.json,69,Basic data according to water supply licensees,BLIND_READ_EXACT
GEO,Georgia,GEO_GNERC_MTSKHETA,Mtskhetis Tskali,2019,SQ_COMPLAINTS_TOTAL,5.0,complaints,GEO_GNERC,AR2019 fitz p98: Mtskhetis Tskali 5,georgia/extracted_gnerc_2018.json,71,Frequency of damages (accidents) of drinking water pipelines according to licensees,BLIND_READ_EXACT
GEO,Georgia,GEO_GNERC_MTSKHETA,Mtskhetis Tskali,2019,SQ_CONTINUITY,24.0,hours/day,GEO_GNERC,AR2019 fitz p72 Fig 3.2: Mtskhetis Tskali 24.0,,,,BLIND_READ_EXACT
GEO,Georgia,GEO_GNERC_RUSTAVI,Rustavi Water,2019,FIN_COMPENSATION_TOTAL,4555.0,local_currency,GEO_GNERC,AR2023 p115 Table 1: Rustavi Water 2019 = 4555,georgia/extracted_gnerc_2023.json,115,Amount of Compensation Accrued to Consumers,BLIND_READ_EXACT
GEO,Georgia,GEO_GNERC_RUSTAVI,RWC,2019,FIN_TARIFF_AVG,0.4,local_currency/m3,GEO_GNERC,fitz p80: RWC metered household 0.4,georgia/extracted_gnerc_2019.json,80,"Current Tariffs (GEL, including VAT)",BLIND_READ_EXACT
GEO,Georgia,GEO_GNERC_RUSTAVI,Rustavis Tskali,2019,OPS_CONNECTIONS_TOTAL,53943.0,connections,GEO_GNERC,Table 3.1: RWC 53943,georgia/extracted_gnerc_2019.json,68,Water Supply Licensees and Customer Distribution,BLIND_READ_EXACT
GEO,Georgia,GEO_GNERC_RUSTAVI,Rustavis Tskali,2019,SQ_COMPLAINTS_TOTAL,21.0,complaints,GEO_GNERC,fitz p98: Rustavis Tskali 21,georgia/extracted_gnerc_2019.json,98,Water Supply Companies Complaints/Applications,BLIND_READ_EXACT
GEO,Georgia,GEO_GNERC_RUSTAVI,Rustavis Tskali,2019,SQ_CONTINUITY,24.0,hours/day,GEO_GNERC,AR2019 fitz p72 Fig 3.2: Rustavis Tskali 24.0,,,,BLIND_READ_EXACT
GEO,Georgia,GEO_GNERC_SACHKHERE,SWC,2019,FIN_TARIFF_AVG,0.4,local_currency/m3,GEO_GNERC,fitz p80: SWC metered household 0.4,georgia/extracted_gnerc_2019.json,80,"Current Tariffs (GEL, including VAT)",BLIND_READ_EXACT
GEO,Georgia,GEO_GNERC_SACHKHERE,Sachkheris Tskali,2019,OPS_CONNECTIONS_TOTAL,5993.0,connections,GEO_GNERC,Table 3.1 cont.: SWC 5993,georgia/extracted_gnerc_2019.json,69,Basic data according to water supply licensees,BLIND_READ_EXACT
GEO,Georgia,GEO_GNERC_SACHKHERE,Sachkheris Tskalkanali,2019,OPS_METERING_PCT,99.0,%,GEO_GNERC,AR2019 fitz p71 text: Sachkhere Tskalkanali has the highest metering indicator (~99%),,,,CORRECTED_TO_PRINT_2026-07-15
GEO,Georgia,GEO_GNERC_SACHKHERE,Sachkheris Tskalkanali,2019,SQ_CONTINUITY,24.0,hours/day,GEO_GNERC,AR2019 fitz p72 Fig 3.2: Sachkheris Tskalkanali 24.0,,,,BLIND_READ_EXACT
GEO,Georgia,GEO_GNERC_SOGURI,Soguri,2019,OPS_CONNECTIONS_TOTAL,119.0,connections,GEO_GNERC,Table 3.1 cont.: Soguri 119,georgia/extracted_gnerc_2019.json,69,Basic data according to water supply licensees,BLIND_READ_EXACT
GEO,Georgia,GEO_GNERC_SOGURI,Soguri,2019,OPS_METERING_PCT,0.0,%,GEO_GNERC,AR2019 fitz p71 text: Soguri LLC does not have metered household customers,,,,CORRECTED_TO_PRINT_2026-07-15
GEO,Georgia,GEO_GNERC_SOGURI,Soguri,2019,SQ_CONTINUITY,18.0,hours/day,GEO_GNERC,AR2019 fitz p72 Fig 3.2 also 18.0,georgia/extracted_gnerc_2018.json,69,Water supply schedule according to licensees,BLIND_READ_EXACT
GEO,Georgia,GEO_GNERC_UWSCG,United Water Supply Company of Georgia,2019,FIN_COMPENSATION_TOTAL,71260.0,local_currency,GEO_GNERC,AR2023 p115 Table 1: UWSCG 2019 = 71260,georgia/extracted_gnerc_2023.json,115,Amount of Compensation Accrued to Consumers,BLIND_READ_EXACT
GEO,Georgia,GEO_GNERC_UWSCG,United Water Supply Company of Georgia,2019,FIN_INVESTMENT_TOTAL,251400000.0,local_currency,GEO_GNERC,AR2024 p116 Fig 4.9 (million GEL; converted to GEL to match local_currency unit): UWSCG 2019 = 251.4,,,,BLIND_READ_EXACT
GEO,Georgia,GEO_GNERC_UWSCG,UWSCG,2019,FIN_TARIFF_AVG,0.5,local_currency/m3,GEO_GNERC,fitz p80: UWSCG metered household 0.5 (rightmost bars partly cut in render),georgia/extracted_gnerc_2019.json,80,"Current Tariffs (GEL, including VAT)",BLIND_READ_EXACT
GEO,Georgia,GEO_GNERC_UWSCG,Georgian United Water Supply Company,2019,OPS_CONNECTIONS_TOTAL,338682.0,connections,GEO_GNERC,Table 3.1: UWSCG 338682,georgia/extracted_gnerc_2019.json,68,Water Supply Licensees and Customer Distribution,BLIND_READ_EXACT
GEO,Georgia,GEO_GNERC_UWSCG,Georgian United Water Supply Company,2019,SQ_COMPLAINTS_TOTAL,87.0,complaints,GEO_GNERC,fitz p98: GUWSC 87,georgia/extracted_gnerc_2019.json,98,Water Supply Companies Complaints/Applications,BLIND_READ_EXACT
GEO,Georgia,GEO_GNERC_UWSCG,Georgian United Water Supply,2019,SQ_CONTINUITY,16.4,hours/day,GEO_GNERC,text: average duration of water supply 16.4 hours; Fig 3.2 16.4,georgia/extracted_gnerc_2019.json,71,(standalone),BLIND_READ_EXACT
GEO,Georgia,GEO_GNERC_BATUMI,Batumi Water,2020,FIN_COMPENSATION_TOTAL,2300.0,local_currency,GEO_GNERC,AR2023 fitz p115 Table 1 (2017-2023 restated): Batumi Water 2020 = 2300,georgia/extracted_gnerc_2023.json,115,Amount of Compensation Accrued to Consumers,BLIND_READ_EXACT
GEO,Georgia,GEO_GNERC_BATUMI,BWC*,2020,FIN_TARIFF_AVG,0.5,local_currency/m3,GEO_GNERC,AR2019 fitz p80 Fig 3.11 current tariffs (GEL incl VAT): BWC* metered household 0.5 (municipally set),,,,BLIND_READ_EXACT
GEO,Georgia,GEO_GNERC_BATUMI,Batumis Tskali,2020,OPS_CONNECTIONS_TOTAL,100927.0,connections,GEO_GNERC,Table 4.1: BWC 100927,georgia/extracted_gnerc_2020.json,67,Water Supply Licensees and Coverage Data,BLIND_READ_EXACT
GEO,Georgia,GEO_GNERC_BATUMI,Batumis Tskali,2020,OPS_CONSUMPTION_PERCAPITA,157.0,L/person/day,GEO_GNERC,AR2020 fitz p74 Fig 4.4: Batumis Tskali 157 L/person,georgia/extracted_gnerc_2020.json,74,Water consumption per capita and per subscriber by utility companies,BLIND_READ_EXACT
GEO,Georgia,GEO_GNERC_BATUMI,BWC,2020,SQ_CONTINUITY,24.0,hours/day,GEO_GNERC,AR2020 Table 4.4 key indicators: BWC schedule 24,,,,BLIND_READ_EXACT
GEO,Georgia,GEO_GNERC_BATUMI,BWC,2020,SQ_WATER_QUALITY_OVERALL,97.0,%,GEO_GNERC,AR2020 Table 4.4: BWC drinking water quality 97.0,,,,BLIND_READ_EXACT
GEO,Georgia,GEO_GNERC_GWP,Georgian Water and Power,2020,FIN_COMPENSATION_TOTAL,430390.0,local_currency,GEO_GNERC,AR2024 p135 Table 1 restated panel 2017-2024,georgia/extracted_gnerc_2024.json,135,Amount of Compensation Accrued to Consumers,BLIND_READ_EXACT
GEO,Georgia,GEO_GNERC_GWP,Georgian Water and Power,2020,FIN_INVESTMENT_TOTAL,30600000.0,local_currency,GEO_GNERC,AR2024 p116 Fig 4.9 (million GEL; converted to GEL to match local_currency unit): GWP 2020 = 30.6,,,,BLIND_READ_EXACT
GEO,Georgia,GEO_GNERC_GWP,GWP,2020,FIN_TARIFF_AVG,0.3,local_currency/m3,GEO_GNERC,AR2019 fitz p80 Fig 3.11 current tariffs (GEL incl VAT): GWP metered household 0.3,,,,CORRECTED_TO_PRINT_2026-07-15
GEO,Georgia,GEO_GNERC_GWP,Georgian Water and Power,2020,OPS_CONNECTIONS_TOTAL,563454.0,connections,GEO_GNERC,Table 4.1: GWP 563454,georgia/extracted_gnerc_2020.json,67,Water Supply Licensees and Coverage Data,BLIND_READ_EXACT
GEO,Georgia,GEO_GNERC_GWP,Georgian Water and Power,2020,SQ_COMPLAINTS_TOTAL,568.0,complaints,GEO_GNERC,AR2020 p97 complaints 2020: GWP 568 (total 701),georgia/extracted_gnerc_2020.json,97,Water Supply and Sewerage Sector Complaints by Company,BLIND_READ_EXACT
GEO,Georgia,GEO_GNERC_GWP,GWP,2020,SQ_CONTINUITY,24.0,hours/day,GEO_GNERC,AR2020 Table 4.4: GWP schedule 24,,,,BLIND_READ_EXACT
GEO,Georgia,GEO_GNERC_GWP,GWP,2020,SQ_WATER_QUALITY_OVERALL,99.9,%,GEO_GNERC,Table 4.4 quality of drinking water: GWP 99.9,georgia/extracted_gnerc_2020.json,72,Key Indicators of Licensees,BLIND_READ_EXACT
GEO,Georgia,GEO_GNERC_KOBULETI,Kobulietis Tskali,2020,OPS_CONNECTIONS_TOTAL,6971.0,connections,GEO_GNERC,Table 4.1 cont.: KWC 6971,georgia/extracted_gnerc_2020.json,68,Basic data by water supply licensees,BLIND_READ_EXACT
GEO,Georgia,GEO_GNERC_KOBULETI,Kobulethis Tskali,2020,OPS_METERING_PCT,0.0,%,GEO_GNERC,cited page is gas summary; AR2020/AR2021 text: Kobuletis Tskali has no metered household customers (metering 0),georgia/extracted_gnerc_2020.json,9,(standalone),BLIND_READ_EXACT
GEO,Georgia,GEO_GNERC_KOBULETI,KWC,2020,SQ_CONTINUITY,24.0,hours/day,GEO_GNERC,AR2020 Table 4.4: KWC schedule 24,,,,BLIND_READ_EXACT
GEO,Georgia,GEO_GNERC_KOBULETI,KWC,2020,SQ_WATER_QUALITY_OVERALL,100.0,%,GEO_GNERC,AR2020 Table 4.4: KWC drinking water quality 100,,,,BLIND_READ_EXACT
GEO,Georgia,GEO_GNERC_MARNEULI,MVWC,2020,FIN_TARIFF_AVG,0.4,local_currency/m3,GEO_GNERC,same chart (2019 report) 0.4,georgia/extracted_gnerc_2019.json,80,"Current Tariffs (GEL, including VAT)",BLIND_READ_EXACT
GEO,Georgia,GEO_GNERC_MARNEULI,Marneulis Soptskali,2020,OPS_CONNECTIONS_TOTAL,11083.0,connections,GEO_GNERC,Table 4.1: MVWC 11083,georgia/extracted_gnerc_2020.json,67,Water Supply Licensees and Coverage Data,BLIND_READ_EXACT
GEO,Georgia,GEO_GNERC_MARNEULI,Marneulis Soptskali,2020,OPS_CONSUMPTION_PERCAPITA,136.0,L/person/day,GEO_GNERC,AR2020 p74 Fig 4.4: Marneulis Soptskali 136,georgia/extracted_gnerc_2020.json,74,Water consumption per capita and per subscriber by utility companies,BLIND_READ_EXACT
GEO,Georgia,GEO_GNERC_MARNEULI,MWWC,2020,SQ_CONTINUITY,12.0,hours/day,GEO_GNERC,Table 4.4 schedule: MVWC 12.0,georgia/extracted_gnerc_2020.json,72,Key Indicators of Licensees,BLIND_READ_EXACT
GEO,Georgia,GEO_GNERC_MARNEULI,MWWC,2020,SQ_WATER_QUALITY_OVERALL,92.5,%,GEO_GNERC,Table 4.4: MVWC 92.5,georgia/extracted_gnerc_2020.json,72,Key Indicators of Licensees,BLIND_READ_EXACT
GEO,Georgia,GEO_GNERC_MTSKHETA,Mtskhetis Tskali,2020,OPS_CONNECTIONS_TOTAL,3262.0,connections,GEO_GNERC,Table 4.1 cont.: MWC 3262,georgia/extracted_gnerc_2020.json,68,Basic data by water supply licensees,BLIND_READ_EXACT
GEO,Georgia,GEO_GNERC_MTSKHETA,Mtskhetis Tskali,2020,SQ_COMPLAINTS_TOTAL,3.0,complaints,GEO_GNERC,AR2020 fitz p97: Mtskhetis Tskali 3 (of 701 total); cited AR2019 page lacks complaints,georgia/extracted_gnerc_2019.json,68,Water Supply Licensees and Customer Distribution,BLIND_READ_EXACT
GEO,Georgia,GEO_GNERC_RUSTAVI,Rustavi Water,2020,FIN_COMPENSATION_TOTAL,4190.0,local_currency,GEO_GNERC,AR2024 p135 Table 1: Rustavi Water 2020,georgia/extracted_gnerc_2024.json,135,Amount of Compensation Accrued to Consumers,BLIND_READ_EXACT
GEO,Georgia,GEO_GNERC_RUSTAVI,RWC,2020,FIN_TARIFF_AVG,0.4,local_currency/m3,GEO_GNERC,AR2019 fitz p80 Fig 3.11 (GEL incl VAT): RWC metered household 0.4,,,,CORRECTED_TO_PRINT_2026-07-15
GEO,Georgia,GEO_GNERC_RUSTAVI,Rustavis Tskali,2020,OPS_CONNECTIONS_TOTAL,54563.0,connections,GEO_GNERC,Table 4.1: RWC 54563,georgia/extracted_gnerc_2020.json,67,Water Supply Licensees and Coverage Data,BLIND_READ_EXACT
GEO,Georgia,GEO_GNERC_RUSTAVI,Rustavis,2020,OPS_CONSUMPTION_PERCAPITA,191.0,L/person/day,GEO_GNERC,AR2020 p74 Fig 4.4: Rustavis 191,georgia/extracted_gnerc_2020.json,74,Water consumption per capita and per subscriber by utility companies,BLIND_READ_EXACT
GEO,Georgia,GEO_GNERC_RUSTAVI,Rustavis Tskali,2020,SQ_COMPLAINTS_TOTAL,11.0,complaints,GEO_GNERC,AR2020 p97: Rustavis Tskali 11,georgia/extracted_gnerc_2020.json,97,Water Supply and Sewerage Sector Complaints by Company,BLIND_READ_EXACT
GEO,Georgia,GEO_GNERC_RUSTAVI,RWC,2020,SQ_CONTINUITY,24.0,hours/day,GEO_GNERC,AR2020 Table 4.4: RWC schedule 24,,,,BLIND_READ_EXACT
GEO,Georgia,GEO_GNERC_RUSTAVI,RWC,2020,SQ_WATER_QUALITY_OVERALL,100.0,%,GEO_GNERC,AR2020 Table 4.4: RWC drinking water quality 100,,,,BLIND_READ_EXACT
GEO,Georgia,GEO_GNERC_SACHKHERE,SWC,2020,FIN_TARIFF_AVG,0.4,local_currency/m3,GEO_GNERC,AR2019 fitz p80 Fig 3.11 (GEL incl VAT): SWC metered household 0.4,,,,BLIND_READ_EXACT
GEO,Georgia,GEO_GNERC_SACHKHERE,Sachkheris Tkalkanali,2020,OPS_CONNECTIONS_TOTAL,5827.0,connections,GEO_GNERC,Table 4.1 cont.: SWC 5827,georgia/extracted_gnerc_2020.json,68,Basic data by water supply licensees,BLIND_READ_EXACT
GEO,Georgia,GEO_GNERC_SACHKHERE,Sachkheris Tkalkanali,2020,OPS_CONSUMPTION_PERCAPITA,149.0,L/person/day,GEO_GNERC,AR2020 p74 Fig 4.4: Sachkheris Tkalkanali 149,georgia/extracted_gnerc_2020.json,74,Water consumption per capita and per subscriber by utility companies,BLIND_READ_EXACT
GEO,Georgia,GEO_GNERC_SACHKHERE,Sachkheris Tkalkanuli,2020,OPS_METERING_PCT,99.0,%,GEO_GNERC,printed approx 99% (AR2017/AR2019 text); cited page is AR2017,georgia/extracted_gnerc_2017.json,62,(standalone),BLIND_READ_EXACT
GEO,Georgia,GEO_GNERC_SACHKHERE,SWC,2020,SQ_CONTINUITY,24.0,hours/day,GEO_GNERC,AR2020 Table 4.4: SWC schedule 24,,,,BLIND_READ_EXACT
GEO,Georgia,GEO_GNERC_SACHKHERE,SWC,2020,SQ_WATER_QUALITY_OVERALL,100.0,%,GEO_GNERC,AR2020 Table 4.4: SWC drinking water quality 100,,,,BLIND_READ_EXACT
GEO,Georgia,GEO_GNERC_SOGURI,Soguri,2020,FIN_TARIFF_AVG,0.1,local_currency/m3,GEO_GNERC,fitz p80: Soguri metered household 0.1,georgia/extracted_gnerc_2019.json,80,"Current Tariffs (GEL, including VAT)",BLIND_READ_EXACT
GEO,Georgia,GEO_GNERC_SOGURI,Soguri,2020,OPS_CONNECTIONS_TOTAL,119.0,connections,GEO_GNERC,AR2020 Table 4.1 also prints Soguri 119 for 2020,georgia/extracted_gnerc_2019.json,69,Basic data according to water supply licensees,BLIND_READ_EXACT
GEO,Georgia,GEO_GNERC_SOGURI,Soguri,2020,OPS_METERING_PCT,0.0,%,GEO_GNERC,AR2020 fitz p73 text: Soguri LLC and Kobuletis Tskali LLC do not have metered household customers,,,,CORRECTED_TO_PRINT_2026-07-15
GEO,Georgia,GEO_GNERC_SOGURI,Soguri,2020,SQ_CONTINUITY,18.0,hours/day,GEO_GNERC,AR2019 Fig 3.2 Soguri 18.0; AR2020 Table 4.4 also 18.0,georgia/extracted_gnerc_2019.json,72,Water Supply Schedule per Licensees (hours),BLIND_READ_EXACT
GEO,Georgia,GEO_GNERC_SOGURI,Soguri,2020,SQ_WATER_QUALITY_OVERALL,100.0,%,GEO_GNERC,AR2020 Table 4.4: Soguri drinking water quality 100,,,,BLIND_READ_EXACT
GEO,Georgia,GEO_GNERC_UWSCG,United Water Supply Company of Georgia,2020,FIN_COMPENSATION_TOTAL,126025.0,local_currency,GEO_GNERC,AR2024 p135 Table 1: UWSCG 2020,georgia/extracted_gnerc_2024.json,135,Amount of Compensation Accrued to Consumers,BLIND_READ_EXACT
GEO,Georgia,GEO_GNERC_UWSCG,United Water Supply Company of Georgia,2020,FIN_INVESTMENT_TOTAL,158700000.0,local_currency,GEO_GNERC,AR2024 p116 Fig 4.9 (million GEL; converted to GEL to match local_currency unit): UWSCG 2020 = 158.7,,,,BLIND_READ_EXACT
GEO,Georgia,GEO_GNERC_UWSCG,UWSCG,2020,FIN_TARIFF_AVG,0.5,local_currency/m3,GEO_GNERC,AR2019 fitz p80 Fig 3.11 (GEL incl VAT): UWSCG metered household 0.5,,,,BLIND_READ_EXACT
GEO,Georgia,GEO_GNERC_UWSCG,United Water Supply Company of Georgia (UWSCG),2020,OPS_CONNECTIONS_TOTAL,347601.0,connections,GEO_GNERC,Table 4.1: UWSCG 347601,georgia/extracted_gnerc_2020.json,67,Water Supply Licensees and Coverage Data,BLIND_READ_EXACT
GEO,Georgia,GEO_GNERC_UWSCG,United Water Supply Company of Georgia,2020,OPS_CONSUMPTION_PERCAPITA,147.0,L/person/day,GEO_GNERC,AR2020 p74 Fig 4.4: UWSCG 147,georgia/extracted_gnerc_2020.json,74,Water consumption per capita and per subscriber by utility companies,BLIND_READ_EXACT
GEO,Georgia,GEO_GNERC_UWSCG,Georgian United Water Supply Company,2020,SQ_COMPLAINTS_TOTAL,91.0,complaints,GEO_GNERC,AR2020 fitz p97 complaints 2020: GUWSC 91 (total 701),,,,BLIND_READ_EXACT
GEO,Georgia,GEO_GNERC_UWSCG,UWSCG,2020,SQ_CONTINUITY,16.4,hours/day,GEO_GNERC,Table 4.4: UWSCG schedule 16.4,georgia/extracted_gnerc_2020.json,72,Key Indicators of Licensees,BLIND_READ_EXACT
GEO,Georgia,GEO_GNERC_UWSCG,UWSCG,2020,SQ_WATER_QUALITY_OVERALL,99.6,%,GEO_GNERC,Table 4.4: UWSCG 99.6,georgia/extracted_gnerc_2020.json,72,Key Indicators of Licensees,BLIND_READ_EXACT
GEO,Georgia,GEO_GNERC_BATUMI,Batumi Water,2021,FIN_COMPENSATION_TOTAL,15.0,local_currency,GEO_GNERC,AR2024 p135 Table 1 (restated panel): Batumi Water 2021 = 15 (AR2023 p115 also prints 15),,,,BLIND_READ_EXACT
GEO,Georgia,GEO_GNERC_BATUMI,BWC,2021,FIN_TARIFF_AVG,0.5,local_currency/m3,GEO_GNERC,AR2020 fitz p80 Fig 4.9 tariffs (GEL incl VAT; valid from Jan 1 2021): BWC* 0.5,,,,BLIND_READ_EXACT
GEO,Georgia,GEO_GNERC_BATUMI,Batumis Tskali,2021,OPS_CONNECTIONS_TOTAL,108698.0,connections,GEO_GNERC,AR2021 fitz p86 Table 4.1: BWC 108698,georgia/extracted_gnerc_2021.json,86,Basic data by water supply licensees,BLIND_READ_EXACT
GEO,Georgia,GEO_GNERC_BATUMI,Batumis Tskali,2021,OPS_CONSUMPTION_PERCAPITA,141.0,L/person/day,GEO_GNERC,AR2021 fitz p92 Fig 4.3: Batumis Tskali per person 141,georgia/extracted_gnerc_2021.json,92,Consumption of drinking water per capita and per subscriber by licensees,BLIND_READ_EXACT
GEO,Georgia,GEO_GNERC_BATUMI,Batumis Tskali,2021,SQ_COMPLAINTS_TOTAL,49.0,complaints,GEO_GNERC,AR2021 fitz p123 complaints 2021: Batumis Tskali 49 (total 968),georgia/extracted_gnerc_2021.json,123,Water Supply Companies Consumer Complaints,BLIND_READ_EXACT
GEO,Georgia,GEO_GNERC_BATUMI,BWC,2021,SQ_CONTINUITY,24.0,hours/day,GEO_GNERC,AR2021 fitz p90 Table 4.4: BWC schedule 24.0,,,,BLIND_READ_EXACT
GEO,Georgia,GEO_GNERC_BATUMI,BWC,2021,SQ_WATER_QUALITY_OVERALL,99.5,%,GEO_GNERC,AR2021 fitz p90 Table 4.4: BWC drinking water quality 99.5,georgia/extracted_gnerc_2021.json,90,Table 4.4 Key Performance Indicators of Licensees,BLIND_READ_EXACT
GEO,Georgia,GEO_GNERC_GWP,Georgian Water and Power,2021,FIN_COMPENSATION_TOTAL,596175.0,local_currency,GEO_GNERC,AR2024 p135 Table 1,georgia/extracted_gnerc_2024.json,135,Amount of Compensation Accrued to Consumers,BLIND_READ_EXACT
GEO,Georgia,GEO_GNERC_GWP,Georgian Water and Power,2021,FIN_INVESTMENT_TOTAL,32400000.0,local_currency,GEO_GNERC,AR2024 p116 Fig 4.9 (million GEL; converted to GEL to match local_currency unit): GWP 2021 = 32.4,,,,BLIND_READ_EXACT
GEO,Georgia,GEO_GNERC_GWP,GWP,2021,FIN_TARIFF_AVG,0.5,local_currency/m3,GEO_GNERC,AR2020 fitz p80 Fig 4.9 (GEL incl VAT; valid Jan 2021): GWP 0.5 (pre-VAT equivalent 0.424 per Annex 11),,,,BLIND_READ_EXACT
GEO,Georgia,GEO_GNERC_GWP,Georgian Water and Power,2021,OPS_CONNECTIONS_TOTAL,586025.0,connections,GEO_GNERC,AR2021 fitz p85 Table 4.1: GWP number of customers 586025,georgia/extracted_gnerc_2021.json,85,Water Supply Licensees and Coverage,BLIND_READ_EXACT
GEO,Georgia,GEO_GNERC_GWP,Georgian Water and Power,2021,OPS_CONSUMPTION_PERCAPITA,224.0,L/person/day,GEO_GNERC,AR2021 p92 Fig 4.3: GWP 224,georgia/extracted_gnerc_2021.json,92,Consumption of drinking water per capita and per subscriber by licensees,BLIND_READ_EXACT
GEO,Georgia,GEO_GNERC_GWP,Georgian Water and Power,2021,SQ_COMPLAINTS_TOTAL,841.0,complaints,GEO_GNERC,AR2021 p123: GWP 841,georgia/extracted_gnerc_2021.json,123,Water Supply Companies Consumer Complaints,BLIND_READ_EXACT
GEO,Georgia,GEO_GNERC_GWP,GWP Tbilisi,2021,SQ_CONTINUITY,24.0,hours/day,GEO_GNERC,AR2021 fitz p90 Table 4.4: GWP Tbilisi schedule 24.0,,,,BLIND_READ_EXACT
GEO,Georgia,GEO_GNERC_GWP,GWP Tbilisi,2021,SQ_WATER_QUALITY_OVERALL,99.9,%,GEO_GNERC,AR2021 p90 Table 4.4: GWP Tbilisi 99.9,georgia/extracted_gnerc_2021.json,90,Table 4.4 Key Performance Indicators of Licensees,BLIND_READ_EXACT
GEO,Georgia,GEO_GNERC_KOBULETI,Kobuletis Tskali,2021,OPS_CONNECTIONS_TOTAL,7096.0,connections,GEO_GNERC,AR2021 p86 Table 4.1: KWC 7096,georgia/extracted_gnerc_2021.json,86,Basic data by water supply licensees,BLIND_READ_EXACT
GEO,Georgia,GEO_GNERC_KOBULETI,Kobuletis tskali,2021,OPS_METERING_PCT,0.0,%,GEO_GNERC,AR2021 fitz p91 text: Kobuletis Tskali LLC does not have metered household customers,georgia/extracted_gnerc_2020.json,9,(standalone),BLIND_READ_EXACT
GEO,Georgia,GEO_GNERC_KOBULETI,Kobuletis Tskali,2021,SQ_COMPLAINTS_TOTAL,3.0,complaints,GEO_GNERC,AR2021 fitz p123: Kobuletis Tskali 3; cited AR2020 page lacks complaints,georgia/extracted_gnerc_2020.json,67,Water Supply Licensees and Coverage Data,BLIND_READ_EXACT
GEO,Georgia,GEO_GNERC_KOBULETI,KWC,2021,SQ_CONTINUITY,24.0,hours/day,GEO_GNERC,AR2021 fitz p90 Table 4.4: KWC schedule 24.0,,,,BLIND_READ_EXACT
GEO,Georgia,GEO_GNERC_KOBULETI,KWC,2021,SQ_WATER_QUALITY_OVERALL,100.0,%,GEO_GNERC,AR2021 fitz p90 Table 4.4: KWC quality 100,,,,BLIND_READ_EXACT
GEO,Georgia,GEO_GNERC_MARNEULI,MVWC,2021,FIN_TARIFF_AVG,0.4,local_currency/m3,GEO_GNERC,AR2020 p80 Fig 4.9 current tariffs (GEL incl VAT; valid from Jan 1 2021): MVWC metered household 0.4,georgia/extracted_gnerc_2020.json,80,Current Water Supply Tariffs by Utility,BLIND_READ_EXACT
GEO,Georgia,GEO_GNERC_MARNEULI,Marneulis Soptskali,2021,OPS_CONNECTIONS_TOTAL,25978.0,connections,GEO_GNERC,AR2021 p86 Table 4.1: MVWC 25978,georgia/extracted_gnerc_2021.json,86,Basic data by water supply licensees,BLIND_READ_EXACT
GEO,Georgia,GEO_GNERC_MARNEULI,Marneulis Soptskali,2021,OPS_CONSUMPTION_PERCAPITA,59.0,L/person/day,GEO_GNERC,AR2021 p92 Fig 4.3: Marneulis Soptskali 59,georgia/extracted_gnerc_2021.json,92,Consumption of drinking water per capita and per subscriber by licensees,BLIND_READ_EXACT
GEO,Georgia,GEO_GNERC_MARNEULI,Marneulis Soptskali,2021,SQ_COMPLAINTS_TOTAL,1.0,complaints,GEO_GNERC,AR2021 fitz p123: Marneulis Soptskali 1,georgia/extracted_gnerc_2020.json,67,Water Supply Licensees and Coverage Data,BLIND_READ_EXACT
GEO,Georgia,GEO_GNERC_MARNEULI,MVWC,2021,SQ_CONTINUITY,9.4,hours/day,GEO_GNERC,AR2021 p90 Table 4.4: MVWC schedule 9.4 h,georgia/extracted_gnerc_2021.json,90,Table 4.4 Key Performance Indicators of Licensees,BLIND_READ_EXACT
GEO,Georgia,GEO_GNERC_MARNEULI,MVWC,2021,SQ_WATER_QUALITY_OVERALL,88.6,%,GEO_GNERC,AR2021 p90 Table 4.4: MVWC quality 88.6 (equals the lower-limit row value),georgia/extracted_gnerc_2021.json,90,Table 4.4 Key Performance Indicators of Licensees,BLIND_READ_EXACT
GEO,Georgia,GEO_GNERC_MTSKHETA,Mtskhetis Tskali,2021,SQ_COMPLAINTS_TOTAL,2.0,complaints,GEO_GNERC,AR2021 fitz p123: Mtskhetis Tskali 2,georgia/extracted_gnerc_2020.json,67,Water Supply Licensees and Coverage Data,BLIND_READ_EXACT
GEO,Georgia,GEO_GNERC_RUSTAVI,Rustavi Water,2021,FIN_COMPENSATION_TOTAL,870.0,local_currency,GEO_GNERC,AR2024 p135 Table 1,georgia/extracted_gnerc_2024.json,135,Amount of Compensation Accrued to Consumers,BLIND_READ_EXACT
GEO,Georgia,GEO_GNERC_RUSTAVI,RWC,2021,FIN_TARIFF_AVG,0.5,local_currency/m3,GEO_GNERC,AR2020 fitz p80 Fig 4.9 (GEL incl VAT; valid Jan 2021): RWC 0.5,,,,BLIND_READ_EXACT
GEO,Georgia,GEO_GNERC_RUSTAVI,Rustavis Tskali,2021,OPS_CONNECTIONS_TOTAL,55316.0,connections,GEO_GNERC,AR2021 p86 Table 4.1: RWC 55316,georgia/extracted_gnerc_2021.json,86,Basic data by water supply licensees,BLIND_READ_EXACT
GEO,Georgia,GEO_GNERC_RUSTAVI,Rustavis Tskali,2021,OPS_CONSUMPTION_PERCAPITA,186.0,L/person/day,GEO_GNERC,AR2021 p92 Fig 4.3: Rustavis Tskali 186,georgia/extracted_gnerc_2021.json,92,Consumption of drinking water per capita and per subscriber by licensees,BLIND_READ_EXACT
GEO,Georgia,GEO_GNERC_RUSTAVI,Rustavis Tskali,2021,SQ_COMPLAINTS_TOTAL,7.0,complaints,GEO_GNERC,AR2021 fitz p123: Rustavis Tskali 7,georgia/extracted_gnerc_2020.json,68,Basic data by water supply licensees,BLIND_READ_EXACT
GEO,Georgia,GEO_GNERC_RUSTAVI,RWC,2021,SQ_CONTINUITY,24.0,hours/day,GEO_GNERC,AR2021 fitz p90 Table 4.4: RWC schedule 24.0,,,,BLIND_READ_EXACT
GEO,Georgia,GEO_GNERC_RUSTAVI,RWC,2021,SQ_WATER_QUALITY_OVERALL,99.9,%,GEO_GNERC,Table 4.4 (2020 report): RWC 100,georgia/extracted_gnerc_2020.json,72,Key Indicators of Licensees,BLIND_READ_ROUNDING
GEO,Georgia,GEO_GNERC_SACHKHERE,SWC,2021,FIN_TARIFF_AVG,0.4,local_currency/m3,GEO_GNERC,AR2020 fitz p80 Fig 4.9 (GEL incl VAT; valid Jan 2021): SWC 0.4,,,,BLIND_READ_EXACT
GEO,Georgia,GEO_GNERC_SACHKHERE,Sachkheris Tkalkanali,2021,OPS_CONNECTIONS_TOTAL,6152.0,connections,GEO_GNERC,AR2021 p86 Table 4.1: SWC 6152,georgia/extracted_gnerc_2021.json,86,Basic data by water supply licensees,BLIND_READ_EXACT
GEO,Georgia,GEO_GNERC_SACHKHERE,Sachkheris Tskalkanali,2021,OPS_CONSUMPTION_PERCAPITA,163.0,L/person/day,GEO_GNERC,AR2021 p92 Fig 4.3: Sachkheris Tskalkanali 163,georgia/extracted_gnerc_2021.json,92,Consumption of drinking water per capita and per subscriber by licensees,BLIND_READ_EXACT
GEO,Georgia,GEO_GNERC_SACHKHERE,Sachkheris Tkalkanali,2021,OPS_METERING_PCT,98.0,%,GEO_GNERC,AR2021 fitz p91 text: Sachkheris Tkalkanali has the highest metering rate (~98%); Fig 4.1 bar unlabeled,georgia/extracted_gnerc_2021.json,91,(standalone),BLIND_READ_EXACT
GEO,Georgia,GEO_GNERC_SACHKHERE,SWC,2021,SQ_CONTINUITY,24.0,hours/day,GEO_GNERC,AR2021 fitz p90 Table 4.4: SWC schedule 24.0,,,,BLIND_READ_EXACT
GEO,Georgia,GEO_GNERC_SACHKHERE,SWC,2021,SQ_WATER_QUALITY_OVERALL,100.0,%,GEO_GNERC,AR2021 fitz p90 Table 4.4: SWC quality 100,,,,BLIND_READ_EXACT
GEO,Georgia,GEO_GNERC_SAGAREJO,Sagarejo,2021,OPS_CONNECTIONS_TOTAL,1064.0,connections,GEO_GNERC,AR2021 p86 Table 4.1: SVWC 1064,georgia/extracted_gnerc_2021.json,86,Basic data by water supply licensees,BLIND_READ_EXACT
GEO,Georgia,GEO_GNERC_SOGURI,Soguri,2021,FIN_TARIFF_AVG,0.1,local_currency/m3,GEO_GNERC,AR2020 p80 Fig 4.9: Soguri 0.1 (incl VAT),georgia/extracted_gnerc_2020.json,80,Current Water Supply Tariffs by Utility,BLIND_READ_EXACT
GEO,Georgia,GEO_GNERC_SOGURI,Soguri,2021,OPS_CONNECTIONS_TOTAL,119.0,connections,GEO_GNERC,Table 4.1 (2020) prints Soguri 119,georgia/extracted_gnerc_2020.json,68,Basic data by water supply licensees,BLIND_READ_EXACT
GEO,Georgia,GEO_GNERC_SOGURI,Soguri,2021,OPS_METERING_PCT,0.0,%,GEO_GNERC,AR2021 fitz p91 text: Soguri LLC does not have metered household customers,georgia/extracted_gnerc_2020.json,9,(standalone),BLIND_READ_EXACT
GEO,Georgia,GEO_GNERC_SOGURI,Soguri,2021,SQ_CONTINUITY,18.0,hours/day,GEO_GNERC,Table 4.4 (2020 report): Soguri 18.0,georgia/extracted_gnerc_2020.json,72,Key Indicators of Licensees,BLIND_READ_EXACT
GEO,Georgia,GEO_GNERC_SOGURI,Soguri,2021,SQ_WATER_QUALITY_OVERALL,100.0,%,GEO_GNERC,AR2021 fitz p90 Table 4.4: Soguri quality 100,,,,BLIND_READ_EXACT
GEO,Georgia,GEO_GNERC_UWSCG,United Water Supply Company of Georgia,2021,FIN_COMPENSATION_TOTAL,13875.0,local_currency,GEO_GNERC,AR2024 p135 Table 1,georgia/extracted_gnerc_2024.json,135,Amount of Compensation Accrued to Consumers,BLIND_READ_EXACT
GEO,Georgia,GEO_GNERC_UWSCG,United Water Supply Company of Georgia,2021,FIN_INVESTMENT_TOTAL,183500000.0,local_currency,GEO_GNERC,AR2024 p116 Fig 4.9 (million GEL; converted to GEL to match local_currency unit): UWSCG 2021 = 183.5,,,,BLIND_READ_EXACT
GEO,Georgia,GEO_GNERC_UWSCG,UWSCG,2021,FIN_TARIFF_AVG,0.5,local_currency/m3,GEO_GNERC,AR2020 fitz p80 Fig 4.9 (GEL incl VAT; valid Jan 2021): UWSCG 0.5,,,,BLIND_READ_EXACT
GEO,Georgia,GEO_GNERC_UWSCG,United Water Supply Company of Georgia (UWSCG),2021,OPS_CONNECTIONS_TOTAL,366688.0,connections,GEO_GNERC,AR2021 p86 Table 4.1: UWSCG 366688,georgia/extracted_gnerc_2021.json,86,Basic data by water supply licensees,BLIND_READ_EXACT
GEO,Georgia,GEO_GNERC_UWSCG,United Water Supply Company of Georgia,2021,OPS_CONSUMPTION_PERCAPITA,152.0,L/person/day,GEO_GNERC,AR2021 p92 Fig 4.3: UWSCG 152,georgia/extracted_gnerc_2021.json,92,Consumption of drinking water per capita and per subscriber by licensees,BLIND_READ_EXACT
GEO,Georgia,GEO_GNERC_UWSCG,Georgian United Water Supply Company,2021,SQ_COMPLAINTS_TOTAL,65.0,complaints,GEO_GNERC,AR2021 fitz p123 complaints 2021: GUWSC 65 (total 968),,,,BLIND_READ_EXACT
GEO,Georgia,GEO_GNERC_BATUMI,Batumi Water,2022,FIN_COMPENSATION_TOTAL,730.0,local_currency,GEO_GNERC,AR2023 p115 Table 1: Batumi Water 2022 = 730,georgia/extracted_gnerc_2023.json,115,Amount of Compensation Accrued to Consumers,BLIND_READ_EXACT
GEO,Georgia,GEO_GNERC_BATUMI,BWC,2022,FIN_TARIFF_AVG,0.5,local_currency/m3,GEO_GNERC,AR2022 fitz p75 Fig 4.4 current tariffs (GEL incl VAT): BWC metered household 0.5,,,,BLIND_READ_EXACT
GEO,Georgia,GEO_GNERC_BATUMI,Batumi Water,2022,OPS_CONNECTIONS_TOTAL,119397.0,connections,GEO_GNERC,AR2022 fitz p71 Table 1: BWC 119397,georgia/extracted_gnerc_2022.json,71,Basic data by water supply licensees,BLIND_READ_EXACT
GEO,Georgia,GEO_GNERC_BATUMI,Batumi Water,2022,OPS_CONSUMPTION_PERCAPITA,147.0,L/person/day,GEO_GNERC,AR2022 fitz p73 Fig 4.1: Batumi Water per person 147,georgia/extracted_gnerc_2022.json,73,Consumption of drinking water per person and per subscriber by licensees,BLIND_READ_EXACT
GEO,Georgia,GEO_GNERC_GWP,Georgian Water and Power,2022,FIN_COMPENSATION_TOTAL,727230.0,local_currency,GEO_GNERC,AR2024 p135 Table 1,georgia/extracted_gnerc_2024.json,135,Amount of Compensation Accrued to Consumers,BLIND_READ_EXACT
GEO,Georgia,GEO_GNERC_GWP,Georgian Water and Power,2022,FIN_INVESTMENT_TOTAL,32700000.000000004,local_currency,GEO_GNERC,AR2024 p116 Fig 4.9 (million GEL; converted to GEL to match local_currency unit): GWP 2022 = 32.7,,,,BLIND_READ_ROUNDING
GEO,Georgia,GEO_GNERC_GWP,GWP,2022,FIN_TARIFF_AVG,0.5,local_currency/m3,GEO_GNERC,AR2022 fitz p75 Fig 4.4 (GEL incl VAT): GWP metered household 0.5,,,,BLIND_READ_EXACT
GEO,Georgia,GEO_GNERC_GWP,Georgian Water and Power,2022,OPS_CONNECTIONS_TOTAL,608185.0,connections,GEO_GNERC,AR2022 p71 Table 1: GWP 608185,georgia/extracted_gnerc_2022.json,71,Basic data by water supply licensees,BLIND_READ_EXACT
GEO,Georgia,GEO_GNERC_GWP,Georgian Water and Power,2022,OPS_CONSUMPTION_PERCAPITA,213.0,L/person/day,GEO_GNERC,AR2022 p73 Fig 4.1: GWP 213,georgia/extracted_gnerc_2022.json,73,Consumption of drinking water per person and per subscriber by licensees,BLIND_READ_EXACT
GEO,Georgia,GEO_GNERC_KOBULETI,Kobulettis Tskali,2022,OPS_CONNECTIONS_TOTAL,7426.0,connections,GEO_GNERC,AR2022 p71 Table 1: KWC 7426,georgia/extracted_gnerc_2022.json,71,Basic data by water supply licensees,BLIND_READ_EXACT
GEO,Georgia,GEO_GNERC_MARNEULI,MVWC,2022,FIN_TARIFF_AVG,0.4,local_currency/m3,GEO_GNERC,AR2022 fitz p75 Fig 4.4 (GEL incl VAT): MVWC metered household 0.4,,,,BLIND_READ_EXACT
GEO,Georgia,GEO_GNERC_MARNEULI,Marneulis Sopiska,2022,OPS_CONNECTIONS_TOTAL,13434.0,connections,GEO_GNERC,AR2022 p71 Table 1: MVWC 13434,georgia/extracted_gnerc_2022.json,71,Basic data by water supply licensees,BLIND_READ_EXACT
GEO,Georgia,GEO_GNERC_MARNEULI,Marneulis Soptskali,2022,OPS_CONSUMPTION_PERCAPITA,133.0,L/person/day,GEO_GNERC,AR2022 p73 Fig 4.1: Marneulis Soptskali 133,georgia/extracted_gnerc_2022.json,73,Consumption of drinking water per person and per subscriber by licensees,BLIND_READ_EXACT
GEO,Georgia,GEO_GNERC_RUSTAVI,Rustavi Water,2022,FIN_COMPENSATION_TOTAL,300.0,local_currency,GEO_GNERC,AR2024 p135 Table 1,georgia/extracted_gnerc_2024.json,135,Amount of Compensation Accrued to Consumers,BLIND_READ_EXACT
GEO,Georgia,GEO_GNERC_RUSTAVI,RWC,2022,FIN_TARIFF_AVG,0.5,local_currency/m3,GEO_GNERC,AR2022 fitz p75 Fig 4.4 (GEL incl VAT): RWC metered household 0.5,,,,BLIND_READ_EXACT
GEO,Georgia,GEO_GNERC_RUSTAVI,Rustavis Water,2022,OPS_CONNECTIONS_TOTAL,56052.0,connections,GEO_GNERC,AR2022 p71 Table 1: RWC 56052,georgia/extracted_gnerc_2022.json,71,Basic data by water supply licensees,BLIND_READ_EXACT
GEO,Georgia,GEO_GNERC_RUSTAVI,Rustavis Water,2022,OPS_CONSUMPTION_PERCAPITA,179.0,L/person/day,GEO_GNERC,AR2022 p73 Fig 4.1: Rustavis Water 179,georgia/extracted_gnerc_2022.json,73,Consumption of drinking water per person and per subscriber by licensees,BLIND_READ_EXACT
GEO,Georgia,GEO_GNERC_SACHKHERE,SWC,2022,FIN_TARIFF_AVG,1.5,local_currency/m3,GEO_GNERC,AR2022 fitz p75 Fig 4.4 (GEL incl VAT): SWC metered household 1.5 (marginal 1.54; municipality subsidizes to 0.5 up to 30 m3; prior tariff 0.4),,,,BLIND_READ_EXACT
GEO,Georgia,GEO_GNERC_SACHKHERE,Sachkheris Tskalkanali,2022,OPS_CONNECTIONS_TOTAL,11135.0,connections,GEO_GNERC,AR2022 p71 Table 1: SWC 11135,georgia/extracted_gnerc_2022.json,71,Basic data by water supply licensees,BLIND_READ_EXACT
GEO,Georgia,GEO_GNERC_SACHKHERE,Sachkheris Tskalkanali,2022,OPS_CONSUMPTION_PERCAPITA,136.0,L/person/day,GEO_GNERC,cited AR2021 p93 has no consumption chart; AR2022 fitz p73 Fig 4.1: Sachkheris 2022 per person = 136,georgia/extracted_gnerc_2021.json,93,Dependence of non-revenue water volume and number of accidents,BLIND_READ_EXACT
GEO,Georgia,GEO_GNERC_SAGAREJO,SVWC,2022,FIN_TARIFF_AVG,1.0,local_currency/m3,GEO_GNERC,AR2022 fitz p75 Fig 4.4 (GEL incl VAT): SVWC metered household 1.0,,,,BLIND_READ_EXACT
GEO,Georgia,GEO_GNERC_SAGAREJO,Sagarejo,2022,OPS_CONNECTIONS_TOTAL,1091.0,connections,GEO_GNERC,AR2022 p71 Table 1: SVWC 1091,georgia/extracted_gnerc_2022.json,71,Basic data by water supply licensees,BLIND_READ_EXACT
GEO,Georgia,GEO_GNERC_SAGAREJO,Sagarejo,2022,OPS_CONSUMPTION_PERCAPITA,127.0,L/person/day,GEO_GNERC,AR2022 p73 Fig 4.1: Sagarejo 127,georgia/extracted_gnerc_2022.json,73,Consumption of drinking water per person and per subscriber by licensees,BLIND_READ_EXACT
GEO,Georgia,GEO_GNERC_SOGURI,Soguri,2022,FIN_TARIFF_AVG,0.1,local_currency/m3,GEO_GNERC,AR2020 p80 Fig 4.9 tariffs valid 2021-2023: Soguri 0.1,georgia/extracted_gnerc_2020.json,80,Current Water Supply Tariffs by Utility,BLIND_READ_EXACT
GEO,Georgia,GEO_GNERC_SOGURI,Soguri,2022,OPS_CONNECTIONS_TOTAL,119.0,connections,GEO_GNERC,AR2021 p86 Table 4.1 prints Soguri 119 (2021 panel; AR2022 Table 1 also prints 119 for 2022),georgia/extracted_gnerc_2021.json,86,Basic data by water supply licensees,BLIND_READ_EXACT
GEO,Georgia,GEO_GNERC_UWSCG,United Water Supply Company of Georgia,2022,FIN_COMPENSATION_TOTAL,1475.0,local_currency,GEO_GNERC,AR2023 p115 Table 1: UWSCG 2022 = 1475,georgia/extracted_gnerc_2023.json,115,Amount of Compensation Accrued to Consumers,BLIND_READ_EXACT
GEO,Georgia,GEO_GNERC_UWSCG,United Water Supply Company of Georgia,2022,FIN_INVESTMENT_TOTAL,261100000.00000003,local_currency,GEO_GNERC,AR2024 p116 Fig 4.9 (million GEL; converted to GEL to match local_currency unit): UWSCG 2022 = 261.1,,,,BLIND_READ_ROUNDING
GEO,Georgia,GEO_GNERC_UWSCG,UWSCG,2022,FIN_TARIFF_AVG,0.5,local_currency/m3,GEO_GNERC,AR2022 fitz p75 Fig 4.4 (GEL incl VAT): UWSCG metered household 0.5,,,,BLIND_READ_EXACT
GEO,Georgia,GEO_GNERC_UWSCG,United Water Supply Company of Georgia (UWSCG),2022,OPS_CONNECTIONS_TOTAL,374097.0,connections,GEO_GNERC,AR2022 p71 Table 1: UWSCG 374097,georgia/extracted_gnerc_2022.json,71,Basic data by water supply licensees,BLIND_READ_EXACT
GEO,Georgia,GEO_GNERC_UWSCG,United Water Supply Company of Georgia,2022,OPS_CONSUMPTION_PERCAPITA,152.0,L/person/day,GEO_GNERC,cited AR2021 page shows 2021 value 152; AR2022 fitz p73 Fig 4.1 also prints UWSCG 2022 = 152,georgia/extracted_gnerc_2021.json,92,Consumption of drinking water per capita and per subscriber by licensees,BLIND_READ_EXACT
GEO,Georgia,GEO_GNERC_BATUMI,Batumi Water,2023,FIN_COMPENSATION_TOTAL,5.0,local_currency,GEO_GNERC,AR2024 p135 Table 1: Batumi Water 2023 = 5 (AR2023 p115 printed 0 for its own year; accruals restated next year per footnote),,,,BLIND_READ_EXACT
GEO,Georgia,GEO_GNERC_BATUMI,Batumi Water,2023,OPS_CONNECTIONS_TOTAL,133870.0,connections,GEO_GNERC,AR2023 fitz p85 Table 1: BWC 133870,georgia/extracted_gnerc_2023.json,85,Basic Data by Water Supply Licensees,BLIND_READ_EXACT
GEO,Georgia,GEO_GNERC_BATUMI,Batumi Water,2023,OPS_CONSUMPTION_PERCAPITA,151.0,L/person/day,GEO_GNERC,AR2023 fitz p91 Fig 4.3: Batumi Water per capita 151,georgia/extracted_gnerc_2023.json,91,Consumption of Drinking Water Per Capita and Per Subscriber,BLIND_READ_EXACT
GEO,Georgia,GEO_GNERC_BATUMI,Batumi Water,2023,SQ_COMPLAINTS_TOTAL,81.0,complaints,GEO_GNERC,cited AR2022 p83 is sector-level SQ charts; AR2023 fitz p124 Fig 7.8: BWC 2023 complaints = 81,georgia/extracted_gnerc_2022.json,83,Justified written response and/or responding to the application of customers,BLIND_READ_EXACT
GEO,Georgia,GEO_GNERC_BATUMI,BWC,2023,SQ_CONTINUITY,24.0,hours/day,GEO_GNERC,AR2023 fitz p89 Table 3: BWC schedule 24,,,,BLIND_READ_EXACT
GEO,Georgia,GEO_GNERC_BATUMI,BWC,2023,SQ_WATER_QUALITY_OVERALL,99.67,%,GEO_GNERC,AR2023 fitz p89 Table 3: BWC drinking water quality 99.67,georgia/extracted_gnerc_2023.json,89,Key Indicators of Licensee Companies,BLIND_READ_EXACT
GEO,Georgia,GEO_GNERC_GWP,Georgian Water and Power,2023,FIN_COMPENSATION_TOTAL,1282555.0,local_currency,GEO_GNERC,AR2024 p135 Table 1,georgia/extracted_gnerc_2024.json,135,Amount of Compensation Accrued to Consumers,BLIND_READ_EXACT
GEO,Georgia,GEO_GNERC_GWP,Georgian Water and Power,2023,FIN_INVESTMENT_TOTAL,99800000.0,local_currency,GEO_GNERC,AR2024 p116 Fig 4.9 (million GEL; converted to GEL to match local_currency unit): GWP 2023 = 99.8,,,,BLIND_READ_EXACT
GEO,Georgia,GEO_GNERC_GWP,Georgian Water and Power,2023,FIN_TARIFF_AVG,0.424,local_currency/m3,GEO_GNERC,AR2023 fitz p159 Annex 11 (pre-VAT): GWP household metered total 0.424 (0.321 water + 0.103 wastewater); end-user incl VAT 0.5,,,,BLIND_READ_EXACT
GEO,Georgia,GEO_GNERC_GWP,Georgian Water and Power,2023,OPS_CONNECTIONS_TOTAL,688494.0,connections,GEO_GNERC,AR2023 p85 Table 1: GWP 688494,georgia/extracted_gnerc_2023.json,85,Basic Data by Water Supply Licensees,BLIND_READ_EXACT
GEO,Georgia,GEO_GNERC_GWP,Georgian Water and Power,2023,OPS_CONSUMPTION_PERCAPITA,251.0,L/person/day,GEO_GNERC,AR2023 p91 Fig 4.3: GWP 251,georgia/extracted_gnerc_2023.json,91,Consumption of Drinking Water Per Capita and Per Subscriber,BLIND_READ_EXACT
GEO,Georgia,GEO_GNERC_GWP,Georgian Water and Power,2023,OPS_METERING_PCT,44.0,%,GEO_GNERC,AR2023 fitz p90 text: GWP has the lowest metering rate (~44%); Fig 4.1 bar unlabeled,georgia/extracted_gnerc_2023.json,90,(standalone),BLIND_READ_EXACT
GEO,Georgia,GEO_GNERC_GWP,Georgian Water and Power,2023,SQ_COMPLAINTS_TOTAL,1127.0,complaints,GEO_GNERC,AR2023 fitz p124 Fig 7.8: GWP 1127 (total 1333),georgia/extracted_gnerc_2023.json,124,Consumers' Complaints by Companies in the Drinking Water and Wastewater Sector,BLIND_READ_EXACT
GEO,Georgia,GEO_GNERC_GWP,GWP Tbilisi,2023,SQ_CONTINUITY,24.0,hours/day,GEO_GNERC,AR2023 fitz p89 Table 3: GWP Tbilisi schedule 24,,,,BLIND_READ_EXACT
GEO,Georgia,GEO_GNERC_GWP,GWP Tbilisi,2023,SQ_WATER_QUALITY_OVERALL,99.92,%,GEO_GNERC,AR2023 p89 Table 3: GWP Tbilisi 99.92,georgia/extracted_gnerc_2023.json,89,Key Indicators of Licensee Companies,BLIND_READ_EXACT
GEO,Georgia,GEO_GNERC_GWP_MTSKHETA,GWP Mtskheta,2023,SQ_CONTINUITY,24.0,hours/day,GEO_GNERC,AR2023 fitz p89 Table 3: GWP Mtskheta schedule 24,,,,BLIND_READ_EXACT
GEO,Georgia,GEO_GNERC_GWP_MTSKHETA,GWP Mtskheta,2023,SQ_WATER_QUALITY_OVERALL,100.0,%,GEO_GNERC,AR2023 fitz p89 Table 3: GWP Mtskheta drinking water quality 100,,,,BLIND_READ_EXACT
GEO,Georgia,GEO_GNERC_KOBULETI,Kobuletis Tskali,2023,OPS_CONNECTIONS_TOTAL,7544.0,connections,GEO_GNERC,AR2023 p85 Table 1: KWC 7544,georgia/extracted_gnerc_2023.json,85,Basic Data by Water Supply Licensees,BLIND_READ_EXACT
GEO,Georgia,GEO_GNERC_KOBULETI,KWC,2023,SQ_CONTINUITY,24.0,hours/day,GEO_GNERC,AR2023 fitz p89 Table 3: KWC schedule 24,,,,BLIND_READ_EXACT
GEO,Georgia,GEO_GNERC_KOBULETI,KWC,2023,SQ_WATER_QUALITY_OVERALL,100.0,%,GEO_GNERC,AR2023 fitz p89 Table 3: KWC quality 100,,,,BLIND_READ_EXACT
GEO,Georgia,GEO_GNERC_MARNEULI,Marneulis Soptskali,2023,OPS_CONNECTIONS_TOTAL,13892.0,connections,GEO_GNERC,AR2023 p85 Table 1: MVWC 13892,georgia/extracted_gnerc_2023.json,85,Basic Data by Water Supply Licensees,BLIND_READ_EXACT
GEO,Georgia,GEO_GNERC_MARNEULI,Marneulis Soptskali,2023,OPS_CONSUMPTION_PERCAPITA,118.0,L/person/day,GEO_GNERC,AR2023 p91 Fig 4.3: Marneulis Soptskali 118,georgia/extracted_gnerc_2023.json,91,Consumption of Drinking Water Per Capita and Per Subscriber,BLIND_READ_EXACT
GEO,Georgia,GEO_GNERC_MARNEULI,MVWC,2023,SQ_CONTINUITY,10.21,hours/day,GEO_GNERC,AR2023 p89 Table 3: MVWC schedule 10.21 h (equals lower-limit row value),georgia/extracted_gnerc_2023.json,89,Key Indicators of Licensee Companies,BLIND_READ_EXACT
GEO,Georgia,GEO_GNERC_MARNEULI,MVWC,2023,SQ_WATER_QUALITY_OVERALL,76.42,%,GEO_GNERC,AR2023 p89 Table 3: MVWC quality 76.42,georgia/extracted_gnerc_2023.json,89,Key Indicators of Licensee Companies,BLIND_READ_EXACT
GEO,Georgia,GEO_GNERC_RUSTAVI,Rustavi Water,2023,FIN_COMPENSATION_TOTAL,160850.0,local_currency,GEO_GNERC,AR2024 p135 Table 1,georgia/extracted_gnerc_2024.json,135,Amount of Compensation Accrued to Consumers,BLIND_READ_EXACT
GEO,Georgia,GEO_GNERC_RUSTAVI,Rustavi Water,2023,OPS_CONSUMPTION_PERCAPITA,193.0,L/person/day,GEO_GNERC,AR2023 p91 Fig 4.3: Rustavi Water 193,georgia/extracted_gnerc_2023.json,91,Consumption of Drinking Water Per Capita and Per Subscriber,BLIND_READ_EXACT
GEO,Georgia,GEO_GNERC_RUSTAVI,RWC,2023,SQ_CONTINUITY,24.0,hours/day,GEO_GNERC,AR2023 fitz p89 Table 3: RWC schedule 24,,,,BLIND_READ_EXACT
GEO,Georgia,GEO_GNERC_RUSTAVI,RWC,2023,SQ_WATER_QUALITY_OVERALL,99.97,%,GEO_GNERC,AR2023 p89 Table 3: RWC 99.97,georgia/extracted_gnerc_2023.json,89,Key Indicators of Licensee Companies,BLIND_READ_EXACT
GEO,Georgia,GEO_GNERC_SACHKHERE,Sachkheris Tskalkanali,2023,OPS_CONNECTIONS_TOTAL,11209.0,connections,GEO_GNERC,AR2023 p85 Table 1: SWC 11209,georgia/extracted_gnerc_2023.json,85,Basic Data by Water Supply Licensees,BLIND_READ_EXACT
GEO,Georgia,GEO_GNERC_SACHKHERE,Sachkheris Tskalkanali,2023,OPS_CONSUMPTION_PERCAPITA,157.0,L/person/day,GEO_GNERC,AR2023 p91 Fig 4.3: Sachkheris Tskalkanali 157 (same printed value as UWSCG 157),georgia/extracted_gnerc_2023.json,91,Consumption of Drinking Water Per Capita and Per Subscriber,BLIND_READ_EXACT
GEO,Georgia,GEO_GNERC_SACHKHERE,SWC,2023,SQ_CONTINUITY,24.0,hours/day,GEO_GNERC,AR2023 fitz p89 Table 3: SWC schedule 24,,,,BLIND_READ_EXACT
GEO,Georgia,GEO_GNERC_SACHKHERE,SWC,2023,SQ_WATER_QUALITY_OVERALL,96.37,%,GEO_GNERC,AR2023 p89 Table 3: SWC 96.37,georgia/extracted_gnerc_2023.json,89,Key Indicators of Licensee Companies,BLIND_READ_EXACT
GEO,Georgia,GEO_GNERC_SAGAREJO,Sagarejo,2023,OPS_CONNECTIONS_TOTAL,1102.0,connections,GEO_GNERC,AR2023 p85 Table 1: SVWC 1102,georgia/extracted_gnerc_2023.json,85,Basic Data by Water Supply Licensees,BLIND_READ_EXACT
GEO,Georgia,GEO_GNERC_SAGAREJO,Sagarejo,2023,OPS_CONSUMPTION_PERCAPITA,115.0,L/person/day,GEO_GNERC,AR2023 p91 Fig 4.3: Sagarejo 115,georgia/extracted_gnerc_2023.json,91,Consumption of Drinking Water Per Capita and Per Subscriber,BLIND_READ_EXACT
GEO,Georgia,GEO_GNERC_SAGAREJO,Sagarejo,2023,OPS_METERING_PCT,100.0,%,GEO_GNERC,AR2023 fitz p90 text: highest metering recorded for Sagarejo LLC (100%),,,,CORRECTED_TO_PRINT_2026-07-15
GEO,Georgia,GEO_GNERC_SAGAREJO,SVWC,2023,SQ_CONTINUITY,24.0,hours/day,GEO_GNERC,AR2023 fitz p89 Table 3: SVWC schedule 24,,,,BLIND_READ_EXACT
GEO,Georgia,GEO_GNERC_SAGAREJO,SVWC,2023,SQ_WATER_QUALITY_OVERALL,75.0,%,GEO_GNERC,AR2023 p89 Table 3: SVWC drinking water quality 75 (equals lower-limit row value),georgia/extracted_gnerc_2023.json,89,Key Indicators of Licensee Companies,BLIND_READ_EXACT
GEO,Georgia,GEO_GNERC_SOGURI,Soguri,2023,OPS_CONNECTIONS_TOTAL,119.0,connections,GEO_GNERC,AR2022 p71 Table 1 prints Soguri 119 (2022 panel; AR2023 Table 1 also prints 119 for 2023),georgia/extracted_gnerc_2022.json,71,Basic data by water supply licensees,BLIND_READ_EXACT
GEO,Georgia,GEO_GNERC_SOGURI,Soguri,2023,OPS_METERING_PCT,0.0,%,GEO_GNERC,cited page is sector pie chart; AR2023 fitz p90 text: Sogur LLC does not have metered residential consumers,georgia/extracted_gnerc_2022.json,99,Distribution of issues related to the connections of new consumers (capacity increase) by sectors,CORRECTED_TO_PRINT_2026-07-15
GEO,Georgia,GEO_GNERC_SOGURI,Soguri,2023,SQ_CONTINUITY,18.0,hours/day,GEO_GNERC,AR2023 p89 Table 3: Soguri schedule 18 h,georgia/extracted_gnerc_2023.json,89,Key Indicators of Licensee Companies,BLIND_READ_EXACT
GEO,Georgia,GEO_GNERC_SOGURI,Soguri,2023,SQ_WATER_QUALITY_OVERALL,100.0,%,GEO_GNERC,AR2023 fitz p89 Table 3: Soguri quality 100,,,,BLIND_READ_EXACT
GEO,Georgia,GEO_GNERC_UWSCG,United Water Supply Company of Georgia,2023,FIN_COMPENSATION_TOTAL,2415.0,local_currency,GEO_GNERC,AR2023 p115 Table 1: UWSCG 2023 = 2415,georgia/extracted_gnerc_2023.json,115,Amount of Compensation Accrued to Consumers,BLIND_READ_EXACT
GEO,Georgia,GEO_GNERC_UWSCG,United Water Supply Company of Georgia,2023,FIN_INVESTMENT_TOTAL,368900000.0,local_currency,GEO_GNERC,AR2024 p116 Fig 4.9 (million GEL; converted to GEL to match local_currency unit): UWSCG 2023 = 368.9 (label partially occluded; 368.x),,,,BLIND_READ_EXACT
GEO,Georgia,GEO_GNERC_UWSCG,United Water Supply Company of Georgia,2023,FIN_TARIFF_AVG,0.424,local_currency/m3,GEO_GNERC,AR2023 fitz p159 Annex 11 (pre-VAT): UWSCG 0.424 (0.355 + 0.068),,,,BLIND_READ_EXACT
GEO,Georgia,GEO_GNERC_UWSCG,United Water Supply Company of Georgia,2023,OPS_CONNECTIONS_TOTAL,381345.0,connections,GEO_GNERC,AR2023 p85 Table 1: UWSCG 381345,georgia/extracted_gnerc_2023.json,85,Basic Data by Water Supply Licensees,BLIND_READ_EXACT
GEO,Georgia,GEO_GNERC_UWSCG,United Water Supply Company of Georgia,2023,OPS_CONSUMPTION_PERCAPITA,157.0,L/person/day,GEO_GNERC,AR2023 p91 Fig 4.3: UWSCG 157,georgia/extracted_gnerc_2023.json,91,Consumption of Drinking Water Per Capita and Per Subscriber,BLIND_READ_EXACT
GEO,Georgia,GEO_GNERC_UWSCG,United Water Supply Company of Georgia (UWSCG),2023,SQ_COMPLAINTS_TOTAL,125.0,complaints,GEO_GNERC,AR2023 p124 Fig 7.8: UWSCG 125,georgia/extracted_gnerc_2023.json,124,Consumers' Complaints by Companies in the Drinking Water and Wastewater Sector,BLIND_READ_EXACT
GEO,Georgia,GEO_GNERC_UWSCG,UWSCG,2023,SQ_CONTINUITY,19.22,hours/day,GEO_GNERC,AR2023 p89 Table 3: UWSCG schedule 19.22 h,georgia/extracted_gnerc_2023.json,89,Key Indicators of Licensee Companies,BLIND_READ_EXACT
GEO,Georgia,GEO_GNERC_UWSCG,UWSCG,2023,SQ_WATER_QUALITY_OVERALL,99.59,%,GEO_GNERC,AR2023 p89 Table 3: UWSCG quality 99.59,georgia/extracted_gnerc_2023.json,89,Key Indicators of Licensee Companies,BLIND_READ_EXACT
GEO,Georgia,GEO_GNERC_BATUMI,Batumi Water,2024,FIN_COMPENSATION_TOTAL,5.0,local_currency,GEO_GNERC,AR2024 p135 Table 1: Batumi Water 2024 = 5,,,,BLIND_READ_EXACT
GEO,Georgia,GEO_GNERC_BATUMI,Batumi Water,2024,FIN_TARIFF_AVG,0.439,local_currency/m3,GEO_GNERC,AR2023 fitz p159 Annex chart (household metered pre-VAT): Batumi Water total 0.439 (0.251 water + 0.188 wastewater),georgia/extracted_gnerc_2023.json,159,"Water Supply Tariffs, Household, Metered (GEL/m³)",BLIND_READ_EXACT
GEO,Georgia,GEO_GNERC_BATUMI,Batumi Water,2024,OPS_CONNECTIONS_TOTAL,147152.0,connections,GEO_GNERC,AR2024 fitz p104 Table 1: BWC 147152,georgia/extracted_gnerc_2024.json,104,Basic Data by Water Supply Licensees,BLIND_READ_EXACT
GEO,Georgia,GEO_GNERC_BATUMI,Batumi Water,2024,OPS_CONSUMPTION_PERCAPITA,152.0,L/person/day,GEO_GNERC,AR2024 fitz p110 Fig 4.3 item 3: Batumi Water per capita 152,georgia/extracted_gnerc_2024.json,110,Per Capita and Per Subscriber Consumption of Drinking Water by Licensee,BLIND_READ_EXACT
GEO,Georgia,GEO_GNERC_BATUMI,Batumi Water,2024,SQ_COMPLAINTS_TOTAL,70.0,complaints,GEO_GNERC,cited AR2023 p111 is sector SQ charts; AR2024 fitz p144 Fig 7.8: BWC 2024 complaints = 70,georgia/extracted_gnerc_2023.json,111,Time duration prior to hotline operator response,BLIND_READ_EXACT
GEO,Georgia,GEO_GNERC_GWP,Georgian Water and Power,2024,FIN_COMPENSATION_TOTAL,1400770.0,local_currency,GEO_GNERC,AR2024 p135 Table 1,georgia/extracted_gnerc_2024.json,135,Amount of Compensation Accrued to Consumers,BLIND_READ_EXACT
GEO,Georgia,GEO_GNERC_GWP,Georgian Water and Power,2024,FIN_INVESTMENT_TOTAL,107200000.0,local_currency,GEO_GNERC,AR2024 p116 Fig 4.9 (million GEL; converted to GEL to match local_currency unit): GWP 2024 = 107.2,,,,BLIND_READ_EXACT
GEO,Georgia,GEO_GNERC_GWP,Georgian Water and Power,2024,FIN_TARIFF_AVG,0.424,local_currency/m3,GEO_GNERC,AR2024 fitz p175 Annex 11 (pre-VAT): GWP 0.424 (0.321 + 0.103),,,,BLIND_READ_EXACT
GEO,Georgia,GEO_GNERC_GWP,Georgian Water and Power,2024,OPS_CONNECTIONS_TOTAL,710811.0,connections,GEO_GNERC,AR2024 p104 Table 1: GWP 710811,georgia/extracted_gnerc_2024.json,104,Basic Data by Water Supply Licensees,BLIND_READ_EXACT
GEO,Georgia,GEO_GNERC_GWP,Georgian Water and Power,2024,OPS_CONSUMPTION_PERCAPITA,228.0,L/person/day,GEO_GNERC,AR2024 p110 Fig 4.3 item 1: GWP 228,georgia/extracted_gnerc_2024.json,110,Per Capita and Per Subscriber Consumption of Drinking Water by Licensee,BLIND_READ_EXACT
GEO,Georgia,GEO_GNERC_GWP,Georgian Water and Power,2024,SQ_COMPLAINTS_TOTAL,1248.0,complaints,GEO_GNERC,Fig 7.8 (fitz p144): GWP 1248 of 1455 total,georgia/extracted_gnerc_2024.json,144,Consumers' Complaints by Companies in the Drinking Water and Wastewater Sector,BLIND_READ_EXACT
GEO,Georgia,GEO_GNERC_KOBULETI,Kobuletis Tskali,2024,OPS_CONNECTIONS_TOTAL,8524.0,connections,GEO_GNERC,AR2024 p104 Table 1: KWC 8524,georgia/extracted_gnerc_2024.json,104,Basic Data by Water Supply Licensees,BLIND_READ_EXACT
GEO,Georgia,GEO_GNERC_MARNEULI,Marneuli-Sakdrisi,2024,FIN_TARIFF_AVG,0.333,local_currency/m3,GEO_GNERC,AR2023 p159 Annex chart: Marneulis softskali 0.333 (water only; no wastewater component),georgia/extracted_gnerc_2023.json,159,"Water Supply Tariffs, Household, Metered (GEL/m³)",BLIND_READ_EXACT
GEO,Georgia,GEO_GNERC_MARNEULI,Marneulis Soptskali,2024,OPS_CONNECTIONS_TOTAL,14344.0,connections,GEO_GNERC,AR2024 p104 Table 1: MVWC 14344,georgia/extracted_gnerc_2024.json,104,Basic Data by Water Supply Licensees,BLIND_READ_EXACT
GEO,Georgia,GEO_GNERC_MARNEULI,Marneulis Soptskali,2024,OPS_CONSUMPTION_PERCAPITA,138.0,L/person/day,GEO_GNERC,AR2024 p110 Fig 4.3 item 2: Marneulis Soptskali 138,georgia/extracted_gnerc_2024.json,110,Per Capita and Per Subscriber Consumption of Drinking Water by Licensee,BLIND_READ_EXACT
GEO,Georgia,GEO_GNERC_MARNEULI,Marneuli Soptskali,2024,SQ_COMPLAINTS_TOTAL,2.0,complaints,GEO_GNERC,AR2024 fitz p144 Fig 7.8 complaints 2024: Marneuli Soptskali 2 (total 1455),,,,CORRECTED_TO_PRINT_2026-07-15
GEO,Georgia,GEO_GNERC_RUSTAVI,Rustavi Water,2024,FIN_TARIFF_AVG,0.424,local_currency/m3,GEO_GNERC,AR2024 fitz p175 Annex 11 (pre-VAT): Rustavi Water 0.424 (0.377 + 0.047),,,,BLIND_READ_EXACT
GEO,Georgia,GEO_GNERC_SACHKHERE,Sachkheris Tskalkanali,2024,OPS_CONNECTIONS_TOTAL,11301.0,connections,GEO_GNERC,AR2024 p104 Table 1: SWC 11301,georgia/extracted_gnerc_2024.json,104,Basic Data by Water Supply Licensees,BLIND_READ_EXACT
GEO,Georgia,GEO_GNERC_SACHKHERE,Sachkheris Tskalkanali,2024,OPS_CONSUMPTION_PERCAPITA,163.0,L/person/day,GEO_GNERC,AR2024 p110 Fig 4.3 item 6: Sachkheris Tskalkanali 163,georgia/extracted_gnerc_2024.json,110,Per Capita and Per Subscriber Consumption of Drinking Water by Licensee,BLIND_READ_EXACT
GEO,Georgia,GEO_GNERC_SAGAREJO,Sagarejo,2024,FIN_TARIFF_AVG,1.364,local_currency/m3,GEO_GNERC,AR2024 fitz p175 Annex 11 (pre-VAT): Sagarejo 1.364 (drinking water only; no wastewater component),,,,CORRECTED_TO_PRINT_2026-07-15
GEO,Georgia,GEO_GNERC_SAGAREJO,Sagarejo,2024,OPS_CONNECTIONS_TOTAL,1114.0,connections,GEO_GNERC,AR2024 p104 Table 1: SVWC 1114,georgia/extracted_gnerc_2024.json,104,Basic Data by Water Supply Licensees,BLIND_READ_EXACT
GEO,Georgia,GEO_GNERC_SAGAREJO,Sagarejo,2024,OPS_CONSUMPTION_PERCAPITA,193.0,L/person/day,GEO_GNERC,cited AR2023 page carries 2023 data; AR2024 fitz p110 Fig 4.3 item 5: Sagarejo 2024 per capita = 193,georgia/extracted_gnerc_2023.json,91,Consumption of Drinking Water Per Capita and Per Subscriber,BLIND_READ_EXACT
GEO,Georgia,GEO_GNERC_SAGAREJO,Sagarejo,2024,OPS_METERING_PCT,100.0,%,GEO_GNERC,AR2024 fitz p109 text: highest metering recorded for Sagarejo LLC (100%),,,,BLIND_READ_EXACT
GEO,Georgia,GEO_GNERC_SOGURI,Soguri,2024,OPS_CONNECTIONS_TOTAL,119.0,connections,GEO_GNERC,AR2023 p85 Table 1 prints Soguri 119 (2023 panel; AR2024 p104 Table 1 also prints 119 for 2024),georgia/extracted_gnerc_2023.json,85,Basic Data by Water Supply Licensees,BLIND_READ_EXACT
GEO,Georgia,GEO_GNERC_SOGURI,Soguri,2024,OPS_METERING_PCT,0.0,%,GEO_GNERC,cited page is gas tariff text; AR2024 fitz p110 text: Soguri LLC does not have metered household consumers,georgia/extracted_gnerc_2022.json,63,(standalone),BLIND_READ_EXACT
GEO,Georgia,GEO_GNERC_UWSCG,United Water Supply Company of Georgia,2024,FIN_COMPENSATION_TOTAL,2170.0,local_currency,GEO_GNERC,AR2024 p135 Table 1,georgia/extracted_gnerc_2024.json,135,Amount of Compensation Accrued to Consumers,BLIND_READ_EXACT
GEO,Georgia,GEO_GNERC_UWSCG,United Water Supply Company of Georgia,2024,FIN_INVESTMENT_TOTAL,516400000.0,local_currency,GEO_GNERC,AR2024 p116 Fig 4.9 (million GEL; converted to GEL to match local_currency unit): UWSCG 2024 = 516.4,,,,BLIND_READ_EXACT
GEO,Georgia,GEO_GNERC_UWSCG,United Water Supply Company of Georgia,2024,FIN_TARIFF_AVG,0.424,local_currency/m3,GEO_GNERC,AR2024 fitz p175 Annex 11 (pre-VAT): UWSCG 0.424 (0.355 + 0.068),,,,BLIND_READ_EXACT
GEO,Georgia,GEO_GNERC_UWSCG,United Water Supply Company of Georgia,2024,OPS_CONNECTIONS_TOTAL,401638.0,connections,GEO_GNERC,AR2024 p104 Table 1: UWSCG 401638,georgia/extracted_gnerc_2024.json,104,Basic Data by Water Supply Licensees,BLIND_READ_EXACT
GEO,Georgia,GEO_GNERC_UWSCG,United Water Supply Company of Georgia,2024,OPS_CONSUMPTION_PERCAPITA,159.0,L/person/day,GEO_GNERC,AR2024 p110 Fig 4.3 item 4: UWSCG 159,georgia/extracted_gnerc_2024.json,110,Per Capita and Per Subscriber Consumption of Drinking Water by Licensee,BLIND_READ_EXACT
GEO,Georgia,GEO_GNERC_UWSCG,United Water Supply Company of Georgia (UWSCG),2024,SQ_COMPLAINTS_TOTAL,135.0,complaints,GEO_GNERC,Fig 7.8: UWSCG 135,georgia/extracted_gnerc_2024.json,144,Consumers' Complaints by Companies in the Drinking Water and Wastewater Sector,BLIND_READ_EXACT
